"site","rate"
1,NA
2,NA
3,NA
4,NA
5,NA
6,NA
7,NA
8,NA
9,NA
10,NA
11,NA
12,NA
13,NA
14,NA
15,NA
16,NA
17,NA
18,NA
19,NA
20,NA
21,NA
22,NA
23,NA
24,NA
25,NA
26,NA
27,NA
28,3.778
29,0.2096
30,1.227
31,0.259
32,0.2064
33,0.2435
34,0.7542
35,0.1862
36,0.2106
37,0.3362
38,5.235
39,0.2185
40,4.568
41,5.889
42,0.3362
43,0.2064
44,0.3362
45,0.8799
46,0.3399
47,0.3512
48,0.2064
49,0.2402
50,0.2185
51,0.3668
52,0.1987
53,0.259
54,1.192
55,0.9629
56,1.192
57,2.218
58,1.483
59,3.297
60,0.9297
61,0.3362
62,0.2435
63,0.3296
64,0.7432
65,0.2402
66,0.2054
67,0.1862
68,1.9
69,0.1987
70,2.364
71,0.259
72,0.8774
73,0.2185
74,0.2106
75,1.194
76,0.1862
77,0.2096
78,0.3399
79,0.2403
80,0.9302
81,0.2435
82,0.2435
83,0.2054
84,2.48
85,0.3512
86,0.3296
87,0.259
88,NA
89,NA
90,NA
91,NA
92,NA
93,NA
94,NA
95,NA
96,NA
97,0.9624
98,0.268
99,0.1987
100,0.3362
101,0.3362
102,0.311
103,0.7428
104,0.3512
105,4.088
106,1.516
107,4.023
108,5.791
109,5.404
110,0.268
111,0.515
112,5.721
113,0.2435
114,3.159
115,0.3296
116,3.954
117,0.3296
118,0.3512
119,0.2403
120,0.268
121,0.9308
122,0.259
123,1.275
124,0.2435
125,0.2435
126,1.28
127,0.515
128,0.2435
129,1.485
130,0.2096
131,0.2054
132,0.7387
133,1.216
134,3.746
135,0.2403
136,0.7544
137,2.854
138,1.299
139,1.216
140,0.3296
141,0.1987
142,0.2254
143,4.743
144,0.2185
145,0.2064
146,0.515
147,0.2254
148,0.1862
149,0.2054
150,0.3296
151,0.2054
152,0.2403
153,2.945
154,0.7153
155,0.3512
156,0.2402
157,0.2435
158,0.1987
159,0.2435
160,0.2096
161,0.3296
162,0.2106
163,0.2435
164,0.7155
165,0.3362
166,1.919
167,0.2403
168,0.311
169,0.2435
170,0.2185
171,0.3668
172,0.1862
173,0.3296
174,0.2185
175,0.2402
176,0.3362
177,0.1862
178,0.1987
179,0.3296
180,0.311
181,0.2435
182,0.2435
183,0.1862
184,0.3362
185,0.2096
186,0.7542
187,0.3362
188,0.7542
189,0.7543
190,0.7577
191,0.268
192,0.3362
193,2.425
194,0.3362
195,0.1987
196,4.056
197,1.304
198,0.9593
199,0.259
200,0.3296
201,0.7449
202,0.8752
203,0.7859
204,0.7443
205,0.9625
206,0.2435
207,0.3362
208,2.366
209,NA
210,NA
211,NA
212,NA
213,NA
214,NA
215,NA
216,NA
217,NA
218,NA
219,NA
220,0.2435
221,4.098
222,0.1987
223,0.2435
224,5.47
225,0.2096
226,0.3512
227,0.9301
228,0.2435
229,0.7856
230,0.3668
231,0.2054
232,0.7428
233,0.3296
234,0.268
235,0.3362
236,0.268
237,0.3399
238,0.2402
239,0.1987
240,0.7574
241,0.2096
242,0.2402
243,4.665
244,0.7545
245,0.2185
246,3.299
247,0.2403
248,0.2402
249,0.2106
250,0.2435
251,0.259
252,0.1862
253,0.2435
254,1.792
255,0.311
256,0.3362
257,0.2054
258,0.7542
259,0.259
260,1.929
261,0.259
262,0.8631
263,0.3296
264,2.313
265,0.3399
266,1.182
267,0.2096
268,0.2435
269,0.1862
270,0.7542
271,0.3296
272,1.804
273,1.193
274,0.2435
275,0.3362
276,0.6708
277,0.7577
278,0.7554
279,0.2254
280,0.268
281,0.1862
282,0.3668
283,0.3296
284,0.311
285,0.2096
286,0.3668
287,2.447
288,0.3512
289,0.3362
290,2.006
291,1.303
292,1.299
293,1.3
294,0.6708
295,0.3362
296,1.222
297,5.69
298,0.3399
299,1.61
300,0.9341
301,0.259
302,0.3362
303,0.3512
304,0.1862
305,1.192
306,0.2106
307,0.3362
308,1.286
309,0.8633
310,0.311
311,0.3399
312,1.636
313,0.3296
314,0.3296
315,0.2402
316,4.37
317,0.1862
318,0.8627
319,1.843
320,1.292
321,0.1862
322,0.3296
323,0.2064
324,0.2435
325,1.12
326,0.7392
327,0.259
328,0.2054
329,0.311
330,3.837
331,0.8106
332,0.268
333,0.1862
334,0.2402
335,0.3296
336,1.306
337,0.515
338,0.2185
339,0.2096
340,0.3668
341,2.443
342,3.255
343,0.7544
344,0.2096
345,1.232
346,0.934
347,0.2403
348,1.191
349,0.8746
350,2.531
351,2.212
352,0.6757
353,0.3399
354,0.2064
355,0.8776
356,0.3362
357,1.782
358,4.086
359,0.2106
360,5.763
361,0.311
362,0.2435
363,0.3362
364,4.901
365,0.3296
366,0.6711
367,0.7161
368,0.2435
369,0.3362
370,1.3
371,0.2402
372,0.7428
373,0.2096
374,0.1862
375,0.7392
376,0.259
377,0.2054
378,1.356
379,1.518
380,5.063
381,1.315
382,5.78
383,0.1862
384,3.384
385,0.1987
386,0.3296
387,0.259
388,0.3296
389,0.2435
390,0.1862
391,5.523
392,0.3512
393,0.515
394,0.2096
395,0.2064
396,0.2435
397,0.1987
398,1.517
399,0.1862
400,NA
401,NA
402,NA
403,NA
404,NA
405,NA
406,NA
407,NA
408,NA
409,NA
410,NA
411,NA
412,NA
413,NA
414,NA
415,NA
416,NA
417,NA
418,NA
419,NA
420,NA
421,NA
422,NA
423,NA
424,NA
425,NA
426,NA
427,NA
428,NA
429,NA
430,NA
431,NA
432,NA
433,NA
434,NA
435,NA
436,NA
437,NA
438,NA
439,NA
440,NA
441,NA
442,NA
443,NA
444,NA
445,0.1862
446,0.2403
447,0.2185
448,0.2435
449,1.804
450,0.259
451,1.289
452,0.2064
453,5.565
454,2.577
455,0.2185
456,0.259
457,5.867
458,NA
459,NA
460,NA
461,NA
462,NA
463,NA
464,NA
465,NA
466,NA
467,0.3362
468,0.2435
469,0.3362
470,0.2106
471,0.3399
472,0.259
473,1.193
474,0.1862
475,0.8633
476,1.612
477,4.722
478,1.296
479,5.398
480,2.97
481,1.121
482,0.7428
483,0.2144
484,0.316
485,0.1897
486,0.3451
487,0.2445
488,0.2225
489,2.706
490,0.2091
491,0.9462
492,0.3414
493,0.1897
494,0.3565
495,0.3459
496,0.3563
497,0.3525
498,0.2536
499,0.2174
500,0.2218
501,1.699
502,0.9831
503,1.349
504,0.2543
505,4.738
506,NA
