pdb_id,site,designed_entropy
1RD8_AB,10,1.76655738988
1RD8_AB,11,1.00044316621
1RD8_AB,12,1.84603147845
1RD8_AB,13,2.3208172623
1RD8_AB,14,0.219748387288
1RD8_AB,15,1.99401920674
1RD8_AB,16,0.0260778329834
1RD8_AB,17,1.57487282518
1RD8_AB,18,1.45555442761
1RD8_AB,19,1.29106479109
1RD8_AB,19,1.95293283684
1RD8_AB,20,1.68882603378
1RD8_AB,21,0.678283912849
1RD8_AB,22,0.844511197997
1RD8_AB,23,2.43404895125
1RD8_AB,24,2.40392905453
1RD8_AB,25,0.899637732188
1RD8_AB,26,2.17582069014
1RD8_AB,27,0.699320442509
1RD8_AB,28,1.90197105661
1RD8_AB,31,1.69650941116
1RD8_AB,32,1.9064251108
1RD8_AB,33,0.652062068548
1RD8_AB,34,2.11267584334
1RD8_AB,35,1.58111683675
1RD8_AB,35,2.17021161912
1RD8_AB,36,0.657892346533
1RD8_AB,37,0.802049390271
1RD8_AB,38,1.17043182837
1RD8_AB,39,1.49190254454
1RD8_AB,40,1.79983508513
1RD8_AB,41,1.42677985829
1RD8_AB,42,1.17498545752
1RD8_AB,43,0.268568692624
1RD8_AB,44,1.84296546005
1RD8_AB,45,1.4183719997
1RD8_AB,46,1.90794213142
1RD8_AB,47,2.17641893198
1RD8_AB,48,2.13284831547
1RD8_AB,49,0.314032262893
1RD8_AB,50,1.8706557438
1RD8_AB,51,1.6415409565
1RD8_AB,52,0.0
1RD8_AB,53,1.5598298171
1RD8_AB,54,1.69242826168
1RD8_AB,54,1.45383927846
1RD8_AB,55,0.976120436189
1RD8_AB,56,1.54678659343
1RD8_AB,57,1.8884315433
1RD8_AB,58,1.20670522286
1RD8_AB,59,0.782549162005
1RD8_AB,60,1.93180804986
1RD8_AB,61,1.31526233085
1RD8_AB,62,0.450937181044
1RD8_AB,63,1.72200931734
1RD8_AB,64,0.0144272148622
1RD8_AB,65,0.938360136703
1RD8_AB,66,2.20275177991
1RD8_AB,67,2.08424149482
1RD8_AB,68,0.0366779387501
1RD8_AB,69,1.26776486771
1RD8_AB,70,2.13675174641
1RD8_AB,71,1.64279243489
1RD8_AB,72,0.0
1RD8_AB,73,1.38640200882
1RD8_AB,74,0.964883911808
1RD8_AB,75,1.60474933371
1RD8_AB,76,0.0260778329834
1RD8_AB,77,1.80126155138
1RD8_AB,78,0.459592920317
1RD8_AB,79,1.14304365564
1RD8_AB,80,0.334311929791
1RD8_AB,81,2.258575602
1RD8_AB,82,0.952088831313
1RD8_AB,82,2.12091450322
1RD8_AB,83,2.19484272855
1RD8_AB,84,0.457480989856
1RD8_AB,85,0.764777432192
1RD8_AB,86,1.73309193038
1RD8_AB,87,1.26209589735
1RD8_AB,88,1.22168340582
1RD8_AB,89,0.522561973357
1RD8_AB,90,1.78326508615
1RD8_AB,91,1.18126965696
1RD8_AB,92,1.51092700414
1RD8_AB,93,0.719970878294
1RD8_AB,94,1.66346406594
1RD8_AB,95,2.14501969266
1RD8_AB,96,0.270265732151
1RD8_AB,96,2.24488855362
1RD8_AB,97,0.0144272148622
1RD8_AB,98,2.2351857766
1RD8_AB,99,1.94048395934
1RD8_AB,100,0.0
1RD8_AB,101,1.80547858417
1RD8_AB,102,2.04445943554
1RD8_AB,103,1.87148166924
1RD8_AB,104,0.555199059943
1RD8_AB,105,2.04197756273
1RD8_AB,106,2.20177202554
1RD8_AB,107,1.77550846098
1RD8_AB,108,1.43250512243
1RD8_AB,109,0.804002915176
1RD8_AB,110,2.32826540308
1RD8_AB,111,1.87647425489
1RD8_AB,112,1.86163426841
1RD8_AB,113,0.7087001161
1RD8_AB,114,1.18824159795
1RD8_AB,115,1.96501419423
1RD8_AB,116,2.19651697759
1RD8_AB,117,1.73427052826
1RD8_AB,118,2.05078824246
1RD8_AB,119,2.02455503607
1RD8_AB,120,1.97291351585
1RD8_AB,121,1.19679328555
1RD8_AB,122,2.14229246165
1RD8_AB,123,1.16808595641
1RD8_AB,124,1.10781268286
1RD8_AB,125,1.62195234611
1RD8_AB,125,1.53676875486
1RD8_AB,125,1.42594925417
1RD8_AB,125,1.69651142292
1RD8_AB,126,1.06755788502
1RD8_AB,127,0.753138038126
1RD8_AB,128,0.467181229935
1RD8_AB,129,1.669061434
1RD8_AB,130,0.97438152047
1RD8_AB,131,1.58333347072
1RD8_AB,132,0.285267423041
1RD8_AB,133,1.24995319544
1RD8_AB,133,1.64028552733
1RD8_AB,134,0.0
1RD8_AB,135,1.99333358872
1RD8_AB,136,1.12604538642
1RD8_AB,137,1.97655438273
1RD8_AB,138,0.759092782246
1RD8_AB,139,0.0144272148622
1RD8_AB,140,1.3924437177
1RD8_AB,141,2.11099483259
1RD8_AB,142,0.654678355448
1RD8_AB,143,0.105723887714
1RD8_AB,144,1.81812023573
1RD8_AB,145,1.37940931384
1RD8_AB,146,0.419973169622
1RD8_AB,147,1.7864647306
1RD8_AB,148,1.78975890746
1RD8_AB,149,2.13379692848
1RD8_AB,150,1.01502127704
1RD8_AB,151,0.861802108066
1RD8_AB,152,0.422307441458
1RD8_AB,153,2.44367764828
1RD8_AB,154,0.125689664185
1RD8_AB,155,1.50125200172
1RD8_AB,156,1.0125959173
1RD8_AB,157,0.798899315087
1RD8_AB,158,0.67114737526
1RD8_AB,159,0.494900588295
1RD8_AB,160,1.84985349154
1RD8_AB,161,0.552108547005
1RD8_AB,162,0.82825271391
1RD8_AB,163,1.6008203544
1RD8_AB,164,1.85593074775
1RD8_AB,165,2.08438627574
1RD8_AB,166,1.79317295325
1RD8_AB,167,1.63944536304
1RD8_AB,168,1.90535752655
1RD8_AB,169,0.595158099765
1RD8_AB,170,0.638959057444
1RD8_AB,171,1.40647034134
1RD8_AB,172,1.98240087067
1RD8_AB,173,1.30063504693
1RD8_AB,174,1.885260655
1RD8_AB,175,1.62147583381
1RD8_AB,176,1.81456600689
1RD8_AB,177,1.25726068033
1RD8_AB,178,1.44784625582
1RD8_AB,179,1.91868627979
1RD8_AB,180,0.167944147734
1RD8_AB,181,0.569598896805
1RD8_AB,182,0.53617698072
1RD8_AB,183,1.17811354432
1RD8_AB,184,0.0915417903619
1RD8_AB,185,2.08936686265
1RD8_AB,186,0.909669141793
1RD8_AB,187,1.31930589842
1RD8_AB,188,2.14068215011
1RD8_AB,189,1.63673524717
1RD8_AB,190,1.26113033828
1RD8_AB,191,1.76907397719
1RD8_AB,192,2.01466805421
1RD8_AB,193,1.44011628037
1RD8_AB,194,2.25948976727
1RD8_AB,195,1.66447062767
1RD8_AB,196,1.62995374462
1RD8_AB,197,1.38597735583
1RD8_AB,198,1.88835676521
1RD8_AB,199,1.50382347985
1RD8_AB,200,1.65590983704
1RD8_AB,201,1.48274641954
1RD8_AB,202,0.864927931034
1RD8_AB,203,2.13549269662
1RD8_AB,204,1.03287338039
1RD8_AB,205,2.26872853762
1RD8_AB,206,1.78621364154
1RD8_AB,207,2.18450346096
1RD8_AB,208,1.94986245837
1RD8_AB,209,1.82902406875
1RD8_AB,210,2.35010237128
1RD8_AB,211,1.67236608014
1RD8_AB,212,2.29241449472
1RD8_AB,213,0.930331109881
1RD8_AB,214,1.07794544812
1RD8_AB,215,2.28985785585
1RD8_AB,216,0.931588846419
1RD8_AB,217,1.58620830009
1RD8_AB,218,1.75838308687
1RD8_AB,219,1.92564070772
1RD8_AB,220,1.98099675118
1RD8_AB,221,0.7580261484
1RD8_AB,222,1.50247379491
1RD8_AB,223,2.05440682533
1RD8_AB,224,0.796466580751
1RD8_AB,225,0.828613319355
1RD8_AB,226,1.60472010635
1RD8_AB,227,1.64540697949
1RD8_AB,228,1.92899242008
1RD8_AB,229,2.01062409489
1RD8_AB,230,1.22777464119
1RD8_AB,231,1.64089932913
1RD8_AB,232,1.52149401499
1RD8_AB,233,0.876188358589
1RD8_AB,234,0.974902070889
1RD8_AB,235,1.93724117458
1RD8_AB,236,1.91018841639
1RD8_AB,237,1.58384864215
1RD8_AB,238,2.17554546871
1RD8_AB,239,0.815460714075
1RD8_AB,240,1.2533606853
1RD8_AB,241,2.37428131503
1RD8_AB,242,2.26236875276
1RD8_AB,243,1.87347636064
1RD8_AB,244,2.35444945219
1RD8_AB,245,0.659906260752
1RD8_AB,246,1.88832976926
1RD8_AB,247,1.11296179316
1RD8_AB,248,2.15669584041
1RD8_AB,249,0.0
1RD8_AB,250,1.01828765877
1RD8_AB,251,0.749251693633
1RD8_AB,252,2.30851793473
1RD8_AB,253,0.442590708439
1RD8_AB,254,1.49832400381
1RD8_AB,255,1.55592613489
1RD8_AB,256,1.07610685701
1RD8_AB,257,0.962604354779
1RD8_AB,258,1.70870934903
1RD8_AB,259,1.80851404856
1RD8_AB,260,2.16468113929
1RD8_AB,261,1.68715039103
1RD8_AB,262,1.94485428328
1RD8_AB,263,0.0144272148622
1RD8_AB,264,1.60099430829
1RD8_AB,264,0.517257792308
1RD8_AB,265,0.526907961431
1RD8_AB,266,0.989033424622
1RD8_AB,267,0.656137683211
1RD8_AB,268,0.957263137943
1RD8_AB,269,1.31997477106
1RD8_AB,270,0.229819235947
1RD8_AB,271,0.799150272027
1RD8_AB,272,1.30351935975
1RD8_AB,273,0.544878993502
1RD8_AB,274,1.68230186141
1RD8_AB,275,1.80846520222
1RD8_AB,276,0.910787957326
1RD8_AB,277,0.0
1RD8_AB,278,1.39504973735
1RD8_AB,279,0.909049287503
1RD8_AB,280,1.78062811335
1RD8_AB,281,0.0144272148622
1RD8_AB,282,0.338338216243
1RD8_AB,283,1.48175249429
1RD8_AB,284,1.23475833994
1RD8_AB,285,1.9447217952
1RD8_AB,286,0.0
1RD8_AB,287,0.845741531838
1RD8_AB,288,1.40025846915
1RD8_AB,289,1.77720253029
1RD8_AB,290,1.14182594913
1RD8_AB,291,1.61036663121
1RD8_AB,292,0.27536536588
1RD8_AB,293,0.313953344064
1RD8_AB,294,0.882190433545
1RD8_AB,295,1.41729466468
1RD8_AB,296,0.723557647812
1RD8_AB,297,1.09938986001
1RD8_AB,298,1.81114772524
1RD8_AB,299,1.99142340893
1RD8_AB,300,2.44221226916
1RD8_AB,301,1.53384754537
1RD8_AB,302,2.19416022837
1RD8_AB,303,0.0
1RD8_AB,304,2.23796652091
1RD8_AB,305,0.0144272148622
1RD8_AB,306,0.357747782295
1RD8_AB,307,2.28215406199
1RD8_AB,308,0.801114572142
1RD8_AB,309,0.51423777934
1RD8_AB,310,2.18710070876
1RD8_AB,311,1.67750104829
1RD8_AB,312,1.51506510865
1RD8_AB,313,2.24883520841
1RD8_AB,314,1.56120308053
1RD8_AB,315,2.07375384902
1RD8_AB,316,1.93243716272
1RD8_AB,317,0.561012086016
1RD8_AB,318,1.52493511163
1RD8_AB,319,0.0
1RD8_AB,320,1.75350032721
1RD8_AB,321,1.90924610771
1RD8_AB,322,1.70846504777
1RD8_AB,323,1.32779694553
1RD8_AB,324,1.54609073188
1RD8_AB,325,1.83040480649
1RD8_AB,326,1.44930236301
1RD8_AB,327,2.03088559147
1RD8_AB,328,1.76737905309
1RD8_AB,329,1.5179141852
1RD8_AB,330,0.0
1RD8_AB,331,1.97383833338
1RD8_AB,332,2.21154498839
1RD8_AB,333,1.29849090711
1RD8_AB,334,2.33340775119
1RD8_AB,335,1.82280732399
1RD8_AB,336,2.29517437501
1RD8_AB,337,2.02023553176
1RD8_AB,338,1.7916123782
1RD8_AB,339,0.232548776212
1RD8_AB,340,2.11585611109
1RD8_AB,341,1.29985914378
1RD8_AB,342,0.535413681304
1RD8_AB,343,0.9463350336
1RD8_AB,344,2.03516735657
1RD8_AB,345,1.16370055309
1RD8_AB,346,0.116516617464
1RD8_AB,347,2.02167142462
1RD8_AB,348,2.32835139869
1RD8_AB,349,0.0
1RD8_AB,350,1.45407046114
1RD8_AB,351,1.99517292837
1RD8_AB,352,0.0
1RD8_AB,353,2.20339068475
1RD8_AB,354,1.99349892053
1RD8_AB,355,1.8167815775
1RD8_AB,356,1.80527757459
1RD8_AB,357,1.03849029876
1RD8_AB,358,1.43745099109
1RD8_AB,359,1.89626103849
1RD8_AB,360,0.0
1RD8_AB,361,1.62144128643
1RD8_AB,362,2.34207340486
1RD8_AB,363,1.78136572518
1RD8_AB,364,2.23410647828
1RD8_AB,365,1.79252311788
1RD8_AB,366,1.23131328808
1RD8_AB,367,1.58334341409
1RD8_AB,368,1.29507760017
1RD8_AB,369,2.45213207818
1RD8_AB,370,1.56101195767
1RD8_AB,371,1.83772859708
1RD8_AB,372,1.88287739002
1RD8_AB,373,2.33381285604
1RD8_AB,374,1.87419671861
1RD8_AB,375,1.90024774899
1RD8_AB,376,1.89012878913
1RD8_AB,377,2.06819518888
1RD8_AB,378,2.17103363196
1RD8_AB,379,2.01669303295
1RD8_AB,380,2.36778427934
1RD8_AB,381,2.06557241792
1RD8_AB,382,2.16700055657
1RD8_AB,383,1.90756668529
1RD8_AB,384,2.38839565342
1RD8_AB,385,1.21445794092
1RD8_AB,386,1.85471301287
1RD8_AB,387,1.95432548942
1RD8_AB,388,2.04193814618
1RD8_AB,389,2.16921015412
1RD8_AB,390,1.56917381994
1RD8_AB,391,1.98162571275
1RD8_AB,392,1.08237400655
1RD8_AB,393,2.17674249733
1RD8_AB,394,0.964857076787
1RD8_AB,395,0.269128519089
1RD8_AB,396,1.91638942705
1RD8_AB,397,2.01004735228
1RD8_AB,398,0.984611239432
1RD8_AB,399,1.62781596979
1RD8_AB,400,1.95497042576
1RD8_AB,401,1.14490606032
1RD8_AB,402,0.913345516299
1RD8_AB,403,1.82602405497
1RD8_AB,404,1.7886464613
1RD8_AB,405,0.747328936232
1RD8_AB,406,1.89529403425
1RD8_AB,407,1.85053233746
1RD8_AB,408,1.66612385687
1RD8_AB,409,1.40619121143
1RD8_AB,410,2.37693461862
1RD8_AB,411,1.9422191693
1RD8_AB,412,1.13025984581
1RD8_AB,413,1.83484285314
1RD8_AB,414,2.17760961616
1RD8_AB,415,1.9144185245
1RD8_AB,416,1.64654204512
1RD8_AB,417,2.03037207966
1RD8_AB,418,2.38223317469
1RD8_AB,419,1.51846324297
1RD8_AB,420,1.78694246051
1RD8_AB,421,1.9843299677
1RD8_AB,422,1.10343338449
1RD8_AB,423,1.73436407378
1RD8_AB,424,2.16680050897
1RD8_AB,425,0.785869410763
1RD8_AB,426,1.63256989274
1RD8_AB,427,2.09709768148
1RD8_AB,428,2.44479587961
1RD8_AB,429,1.75224101998
1RD8_AB,430,1.81325892207
1RD8_AB,431,2.03727083462
1RD8_AB,432,2.39738268566
1RD8_AB,433,0.157251896435
1RD8_AB,434,2.01345158071
1RD8_AB,435,2.25287077249
1RD8_AB,436,2.04446969221
1RD8_AB,437,1.7178627188
1RD8_AB,438,2.17958420875
1RD8_AB,439,2.13900808632
1RD8_AB,440,2.44120936577
1RD8_AB,441,2.56693698906
1RD8_AB,442,2.21466201639
1RD8_AB,443,2.53848051088
1RD8_AB,444,2.0327392785
1RD8_AB,445,2.20799554788
1RD8_AB,446,2.34577837545
1RD8_AB,447,2.50293976704
1RD8_AB,448,2.26591088861
1RD8_AB,449,1.921947524
1RD8_AB,450,2.00237878872
1RD8_AB,451,2.27129620146
1RD8_AB,452,1.76908270349
1RD8_AB,453,1.55317906813
1RD8_AB,454,1.1517190962
1RD8_AB,455,1.35727790659
1RD8_AB,456,0.551079928087
1RD8_AB,457,1.93689091225
1RD8_AB,458,0.625630650998
1RD8_AB,459,0.439612746174
1RD8_AB,460,2.33605194426
1RD8_AB,461,1.98552265082
1RD8_AB,462,1.71398212147
1RD8_AB,463,0.0
1RD8_AB,464,0.744486294103
1RD8_AB,465,0.206318304095
1RD8_AB,466,0.224196783727
1RD8_AB,467,0.773621954974
1RD8_AB,468,2.00357632818
1RD8_AB,469,0.99103084333
1RD8_AB,470,1.4719379873
1RD8_AB,471,0.302382197188
1RD8_AB,472,2.21533572035
1RD8_AB,473,0.153462434794
1RD8_AB,474,1.54661370971
1RD8_AB,475,2.08429681891
1RD8_AB,476,1.73380048159
1RD8_AB,477,0.247829892941
1RD8_AB,478,1.86912441417
1RD8_AB,479,2.10734137359
1RD8_AB,480,2.00689840545
1RD8_AB,481,1.93031135955
1RD8_AB,482,2.09274967188
1RD8_AB,483,2.04488246541
1RD8_AB,484,1.61812191535
1RD8_AB,485,0.968082905976
1RD8_AB,486,0.25212947398
1RD8_AB,487,0.484885519568
1RD8_AB,488,1.21945747107
1RD8_AB,489,0.616212774681
1RD8_AB,490,1.21066281632
1RD8_AB,491,1.25422454454
1RD8_AB,492,1.42716297772
1RD8_AB,493,1.08131013074
1RD8_AB,494,0.573357429395
1RD8_AB,495,0.0665507360347
1RD8_AB,496,1.56437233305
1RD8_AB,497,1.78497426357
1RD8_AB,498,1.23573705592
1RD8_AB,499,1.69170954327
1RD8_AB,500,1.17293446931
1RD8_AB,501,1.40067689106
1RD8_AB,502,2.06645390519
1RD8_AB,503,2.29667925374
2FP7_B,1,0.575101216674
2FP7_B,2,1.68735103404
2FP7_B,3,0.0
2FP7_B,4,1.51089525674
2FP7_B,5,1.8338613712
2FP7_B,6,2.20383885811
2FP7_B,7,0.512576786313
2FP7_B,8,2.17170335018
2FP7_B,9,2.33488531981
2FP7_B,10,1.5162860868
2FP7_B,11,1.6603967004
2FP7_B,12,1.13440363429
2FP7_B,13,2.13312030342
2FP7_B,14,0.0
2FP7_B,15,0.980017805802
2FP7_B,16,0.0
2FP7_B,17,1.36056111052
2FP7_B,18,1.9412182568
2FP7_B,19,1.83600610337
2FP7_B,20,0.737177733775
2FP7_B,21,0.25212947398
2FP7_B,22,0.506622300949
2FP7_B,23,0.932655556838
2FP7_B,24,0.611345677157
2FP7_B,25,0.339836504808
2FP7_B,26,0.530859871844
2FP7_B,27,1.07816910314
2FP7_B,28,1.96893636914
2FP7_B,29,0.957741231342
2FP7_B,30,0.312627748488
2FP7_B,31,1.31596632477
2FP7_B,32,0.154450923008
2FP7_B,33,2.13269898743
2FP7_B,34,2.04046273796
2FP7_B,35,1.3730206272
2FP7_B,36,2.40956802732
2FP7_B,37,1.19866234911
2FP7_B,38,1.65761019832
2FP7_B,39,1.86543392141
2FP7_B,40,0.0
2FP7_B,41,2.15654987833
2FP7_B,42,1.74006458759
2FP7_B,43,1.32285375462
2FP7_B,44,0.705056327238
2FP7_B,45,1.42339161537
2FP7_B,46,2.07682180039
2FP7_B,47,1.33392678517
2FP7_B,48,1.56992360151
2FP7_B,49,2.01181463546
2FP7_B,50,1.53049175965
2FP7_B,51,1.98507346712
2FP7_B,52,0.937240435026
2FP7_B,53,1.80469574794
2FP7_B,54,1.62000046969
2FP7_B,55,1.00858084376
2FP7_B,56,0.808541663067
2FP7_B,57,0.0465944242221
2FP7_B,58,0.30477600964
2FP7_B,59,0.96799343564
2FP7_B,60,0.834951847222
2FP7_B,61,0.952525848616
2FP7_B,62,1.15245921159
2FP7_B,63,2.11516614647
2FP7_B,64,1.90108558505
2FP7_B,65,1.69946766923
2FP7_B,66,1.61870140671
2FP7_B,67,2.04488352364
2FP7_B,68,0.333263565391
2FP7_B,69,2.28315813431
2FP7_B,70,2.3476445038
2FP7_B,71,1.89181677787
2FP7_B,72,1.12434812067
2FP7_B,73,2.17173234674
2FP7_B,74,1.23031375401
2FP7_B,75,2.04086750935
2FP7_B,76,1.28967998259
2FP7_B,77,2.08930973977
2FP7_B,78,1.76890338163
2FP7_B,79,1.1890281201
2FP7_B,80,0.0260778329834
2FP7_B,81,1.92648713074
2FP7_B,82,1.48136979348
2FP7_B,83,1.82359031171
2FP7_B,84,1.97093162774
2FP7_B,85,2.2691223159
2FP7_B,86,2.08367942775
2FP7_B,87,1.77953464988
2FP7_B,88,2.09722987161
2FP7_B,89,1.95258328523
2FP7_B,90,0.0976230127728
2FP7_B,91,0.277658358637
2FP7_B,92,1.99569312257
2FP7_B,93,2.3118300979
2FP7_B,94,2.01336362854
2FP7_B,95,2.14805557959
2FP7_B,96,1.11604243267
2FP7_B,97,1.74275160106
2FP7_B,98,0.0655042397472
2FP7_B,99,2.12933800542
2FP7_B,100,1.81411417874
2FP7_B,101,1.37887980807
2FP7_B,102,1.40022098674
2FP7_B,103,1.62804555027
2FP7_B,104,2.3823722419
2FP7_B,105,1.89072230479
2FP7_B,106,2.18023486332
2FP7_B,107,1.75220187265
2FP7_B,108,1.40405949513
2FP7_B,109,1.93573332183
2FP7_B,110,1.87887317342
2FP7_B,111,0.787329955526
2FP7_B,112,2.12480846904
2FP7_B,113,0.0
2FP7_B,114,0.757489016766
2FP7_B,115,0.0404970237599
2FP7_B,116,0.767419096183
2FP7_B,117,1.90795449804
2FP7_B,118,0.347595927102
2FP7_B,119,2.23504223858
2FP7_B,120,1.96772876675
2FP7_B,121,0.148859619989
2FP7_B,122,2.3463951165
2FP7_B,123,0.744637919105
2FP7_B,124,0.643956025339
2FP7_B,125,0.0
2FP7_B,126,1.14595196025
2FP7_B,127,1.19460758994
2FP7_B,128,0.0
2FP7_B,129,2.07405848737
2FP7_B,130,0.0
2FP7_B,131,2.08054925244
2FP7_B,132,1.67160473367
2FP7_B,133,2.2219630201
2FP7_B,134,0.535622750586
2FP7_B,135,1.51673837237
2FP7_B,136,0.0404970237599
2FP7_B,137,2.40957935182
2FP7_B,138,1.07932200906
2FP7_B,139,2.26051720898
2FP7_B,140,0.230498262254
2FP7_B,141,1.79160109362
2FP7_B,142,0.796049014013
2FP7_B,143,1.3312867574
2FP7_B,144,1.9565031696
2FP7_B,145,1.36564043795
2FP7_B,146,2.07917612316
2FP7_B,147,0.973754775816
2JLY_A,168,0.626243044629
2JLY_A,169,1.99062675374
2JLY_A,170,1.4929784906
2JLY_A,171,0.718124061584
2JLY_A,172,0.919896383425
2JLY_A,173,1.55146869989
2JLY_A,174,1.4692296633
2JLY_A,175,1.38303403769
2JLY_A,176,1.55299627036
2JLY_A,177,1.55372258437
2JLY_A,178,0.965625550112
2JLY_A,179,1.99063983156
2JLY_A,180,2.03269011228
2JLY_A,181,1.71712599233
2JLY_A,182,2.10670843406
2JLY_A,183,0.248849414596
2JLY_A,184,1.53648096638
2JLY_A,185,1.91664939731
2JLY_A,186,0.231991968253
2JLY_A,187,2.12184933513
2JLY_A,188,2.33619931269
2JLY_A,189,2.04743939893
2JLY_A,190,1.86635384305
2JLY_A,191,2.37328861233
2JLY_A,192,2.13347837095
2JLY_A,193,1.99237268796
2JLY_A,194,0.819540931939
2JLY_A,195,0.227456082934
2JLY_A,196,0.0
2JLY_A,197,1.23228410872
2JLY_A,198,0.0
2JLY_A,199,1.70673373165
2JLY_A,200,1.91076363121
2JLY_A,201,0.949069578966
2JLY_A,202,2.19226452717
2JLY_A,203,2.14288623703
2JLY_A,204,0.667640592021
2JLY_A,205,1.75343594263
2JLY_A,206,0.91709847213
2JLY_A,207,1.87500972623
2JLY_A,208,1.37836346651
2JLY_A,209,1.83295486053
2JLY_A,210,1.90722011156
2JLY_A,211,0.101442097783
2JLY_A,212,1.8379113085
2JLY_A,213,1.4993775328
2JLY_A,214,0.760270635894
2JLY_A,215,0.928049871522
2JLY_A,216,0.622035955578
2JLY_A,217,2.34411574007
2JLY_A,218,0.90711842359
2JLY_A,219,0.0288504217056
2JLY_A,220,0.944927588845
2JLY_A,221,1.06677372676
2JLY_A,222,1.03952408682
2JLY_A,223,1.2738228421
2JLY_A,224,1.71214949702
2JLY_A,225,2.25400011967
2JLY_A,226,1.6036902266
2JLY_A,227,1.88935024011
2JLY_A,228,1.16604452234
2JLY_A,229,1.74817077947
2JLY_A,230,1.10537668076
2JLY_A,231,2.11850483174
2JLY_A,232,1.36595085079
2JLY_A,233,2.03395539069
2JLY_A,234,0.232862817441
2JLY_A,235,1.00131212121
2JLY_A,236,1.44234714694
2JLY_A,237,0.0
2JLY_A,238,0.748345611789
2JLY_A,239,1.53861183967
2JLY_A,240,0.298754751815
2JLY_A,241,2.19455506341
2JLY_A,242,0.667799395887
2JLY_A,243,2.02009248966
2JLY_A,244,1.20775031412
2JLY_A,245,1.67262250903
2JLY_A,246,0.802015042242
2JLY_A,247,0.553691594057
2JLY_A,248,0.728642454869
2JLY_A,249,1.39872439149
2JLY_A,250,1.90475459361
2JLY_A,251,2.01186782927
2JLY_A,252,1.64775325605
2JLY_A,253,0.0144272148622
2JLY_A,254,1.09009323765
2JLY_A,255,1.3194247829
2JLY_A,256,1.94239783599
2JLY_A,257,0.872530437307
2JLY_A,258,2.01234633963
2JLY_A,259,2.1806369289
2JLY_A,260,1.69371933208
2JLY_A,261,1.59053992634
2JLY_A,262,0.973914971568
2JLY_A,263,2.14094106396
2JLY_A,264,1.67703075917
2JLY_A,265,1.1066495081
2JLY_A,266,1.00848197183
2JLY_A,267,2.30651288545
2JLY_A,268,2.18217019602
2JLY_A,269,0.249417542437
2JLY_A,270,0.659634812648
2JLY_A,271,1.05260273227
2JLY_A,272,1.63894876482
2JLY_A,273,0.665003935538
2JLY_A,274,1.48490702867
2JLY_A,275,1.66308974694
2JLY_A,276,1.45939054746
2JLY_A,277,1.66750829649
2JLY_A,278,0.766609158806
2JLY_A,279,2.10420143277
2JLY_A,280,0.736668073278
2JLY_A,281,0.0754126525516
2JLY_A,282,0.641874523366
2JLY_A,283,1.98330754823
2JLY_A,284,2.26701563958
2JLY_A,285,1.86654091573
2JLY_A,286,0.654355597589
2JLY_A,287,1.10682857274
2JLY_A,288,1.30302192268
2JLY_A,289,2.35211526897
2JLY_A,290,1.40860304107
2JLY_A,291,1.32572247182
2JLY_A,292,1.85014325848
2JLY_A,293,0.673922433007
2JLY_A,294,1.56870049598
2JLY_A,295,0.0144272148622
2JLY_A,296,0.727618389516
2JLY_A,297,1.27712718871
2JLY_A,298,0.681608448466
2JLY_A,299,1.31146492157
2JLY_A,300,1.13622330812
2JLY_A,301,2.15810915465
2JLY_A,302,1.83037966734
2JLY_A,303,1.64789837016
2JLY_A,304,1.23064378204
2JLY_A,305,2.0514790537
2JLY_A,306,1.89923639869
2JLY_A,307,0.088062299307
2JLY_A,308,2.00596471291
2JLY_A,309,0.425068871255
2JLY_A,310,0.753312078335
2JLY_A,311,1.22018870267
2JLY_A,312,0.487524811885
2JLY_A,313,1.09291771369
2JLY_A,314,1.8822919925
2JLY_A,315,0.643894927292
2JLY_A,316,1.36741558363
2JLY_A,317,1.35836029611
2JLY_A,318,1.54231342031
2JLY_A,319,1.98328497594
2JLY_A,320,0.0
2JLY_A,321,1.90196533184
2JLY_A,322,1.63749039688
2JLY_A,323,0.950605497204
2JLY_A,324,1.01655842748
2JLY_A,325,1.6127783165
2JLY_A,326,1.53448951356
2JLY_A,327,1.60385988628
2JLY_A,328,1.63344540058
2JLY_A,329,0.182594052538
2JLY_A,330,0.232841166074
2JLY_A,331,0.587972633758
2JLY_A,332,0.801874840619
2JLY_A,333,1.96262528372
2JLY_A,334,1.67326656651
2JLY_A,335,1.72750508524
2JLY_A,336,1.32342249817
2JLY_A,337,1.82513952133
2JLY_A,338,1.88706218394
2JLY_A,339,0.0144272148622
2JLY_A,340,0.292141779154
2JLY_A,341,1.62967596441
2JLY_A,342,0.966699059697
2JLY_A,343,1.38748666879
2JLY_A,344,0.507120856814
2JLY_A,345,0.982916995356
2JLY_A,346,0.799121316159
2JLY_A,347,0.0
2JLY_A,348,1.04066669478
2JLY_A,349,1.41129552656
2JLY_A,350,0.317633986136
2JLY_A,351,0.606416884367
2JLY_A,352,1.25370664078
2JLY_A,353,2.01523602197
2JLY_A,354,1.00192392054
2JLY_A,355,0.708177340933
2JLY_A,356,0.0144272148622
2JLY_A,357,1.68058248637
2JLY_A,358,1.22038275034
2JLY_A,359,1.30128253854
2JLY_A,360,1.15317545864
2JLY_A,361,0.461669829489
2JLY_A,362,1.64437591798
2JLY_A,363,1.30934727768
2JLY_A,364,1.23743983623
2JLY_A,365,1.68054138773
2JLY_A,366,1.60763820748
2JLY_A,367,1.79478406346
2JLY_A,368,0.956530305804
2JLY_A,369,1.92595239378
2JLY_A,370,2.19258785593
2JLY_A,371,1.52668768487
2JLY_A,372,0.549672597909
2JLY_A,373,1.73984604919
2JLY_A,374,1.6029784874
2JLY_A,375,0.616729714818
2JLY_A,376,1.399663347
2JLY_A,377,1.19793755427
2JLY_A,378,2.29294802028
2JLY_A,379,0.316204110807
2JLY_A,380,1.30885286275
2JLY_A,381,0.151220705741
2JLY_A,382,0.134527165334
2JLY_A,383,0.244500435233
2JLY_A,384,1.69873900244
2JLY_A,385,1.43910575839
2JLY_A,386,0.63420507505
2JLY_A,387,2.00236952338
2JLY_A,388,1.75339959948
2JLY_A,389,1.74444922822
2JLY_A,390,0.856008146993
2JLY_A,391,1.6751930938
2JLY_A,392,1.1421128305
2JLY_A,393,1.28599705892
2JLY_A,394,1.97215141346
2JLY_A,395,1.47796393917
2JLY_A,396,1.24629429284
2JLY_A,397,0.621267051045
2JLY_A,398,1.66514876675
2JLY_A,399,1.27657259005
2JLY_A,400,1.14795864862
2JLY_A,401,1.02642812982
2JLY_A,402,0.664260114658
2JLY_A,403,0.156373466455
2JLY_A,404,0.808539427987
2JLY_A,405,0.558231431332
2JLY_A,406,0.672139226797
2JLY_A,407,0.5240233113
2JLY_A,408,0.670033546667
2JLY_A,409,0.721114869544
2JLY_A,410,2.06767151294
2JLY_A,411,1.55240706558
2JLY_A,412,1.69301340435
2JLY_A,413,2.68606046723
2JLY_A,414,0.0
2JLY_A,415,1.56664882491
2JLY_A,416,1.59526221317
2JLY_A,417,1.72720690833
2JLY_A,418,0.769855057441
2JLY_A,419,1.78716267911
2JLY_A,420,1.11858544726
2JLY_A,421,1.56108517871
2JLY_A,422,0.616361641334
2JLY_A,423,0.399180944476
2JLY_A,424,0.304681636901
2JLY_A,425,0.585727623474
2JLY_A,426,1.35462523382
2JLY_A,427,1.38305321004
2JLY_A,428,1.61405811455
2JLY_A,429,1.08098560856
2JLY_A,430,1.82678043477
2JLY_A,431,1.4137553333
2JLY_A,432,0.993247904915
2JLY_A,433,1.62461462378
2JLY_A,434,2.04492964193
2JLY_A,435,0.917088528974
2JLY_A,436,0.911780644312
2JLY_A,437,0.0144272148622
2JLY_A,438,1.94821353548
2JLY_A,439,0.691791660175
2JLY_A,440,1.24316821829
2JLY_A,441,0.928812460548
2JLY_A,442,2.15130900487
2JLY_A,443,1.57049884614
2JLY_A,444,2.39059100047
2JLY_A,445,0.0
2JLY_A,446,0.524728168716
2JLY_A,447,1.48248216002
2JLY_A,448,0.131234841629
2JLY_A,449,1.57075806666
2JLY_A,450,0.891194288817
2JLY_A,451,1.45507107196
2JLY_A,452,1.40655669315
2JLY_A,453,1.13712749084
2JLY_A,454,0.99220657167
2JLY_A,455,1.57587424988
2JLY_A,456,1.89198634563
2JLY_A,457,0.273722590563
2JLY_A,458,1.11483373191
2JLY_A,459,0.272852787675
2JLY_A,460,1.66094884764
2JLY_A,461,1.28864968297
2JLY_A,462,0.0260778329834
2JLY_A,463,1.56731522373
2JLY_A,464,1.06607315617
2JLY_A,465,1.11845254514
2JLY_A,466,1.28379987943
2JLY_A,467,1.8483395506
2JLY_A,468,1.9210386383
2JLY_A,469,1.59488511556
2JLY_A,470,1.01094366893
2JLY_A,471,1.66158033442
2JLY_A,472,0.511430615367
2JLY_A,473,1.4741349294
2JLY_A,474,0.82709827209
2JLY_A,475,1.97300955199
2JLY_A,476,0.0
2JLY_A,477,1.60929055631
2JLY_A,478,1.42692662629
2JLY_A,479,1.65951141099
2JLY_A,480,2.04883273318
2JLY_A,481,0.701294298542
2JLY_A,482,1.95279529544
2JLY_A,483,1.28699268027
2JLY_A,484,1.9951934251
2JLY_A,485,1.8749204438
2JLY_A,486,0.64512303601
2JLY_A,487,1.68718556006
2JLY_A,488,1.40457746662
2JLY_A,489,2.16784717577
2JLY_A,490,0.406475412355
2JLY_A,491,0.203313528241
2JLY_A,492,2.05578104108
2JLY_A,493,1.00413881908
2JLY_A,494,1.38426843005
2JLY_A,495,1.18717978331
2JLY_A,496,0.823950635692
2JLY_A,497,0.144916211425
2JLY_A,498,0.277200312019
2JLY_A,499,1.39525284141
2JLY_A,500,1.93986772745
2JLY_A,501,1.50470310231
2JLY_A,502,1.96357220706
2JLY_A,503,0.0
2JLY_A,504,1.67618411036
2JLY_A,505,1.45514161811
2JLY_A,506,0.276634737185
2JLY_A,507,2.15294797947
2JLY_A,508,1.80672826538
2JLY_A,509,1.87617495105
2JLY_A,510,1.97456284722
2JLY_A,511,2.13132591048
2JLY_A,512,1.7280418292
2JLY_A,513,1.30500673182
2JLY_A,514,0.16274071878
2JLY_A,515,1.69606278375
2JLY_A,516,1.7405767417
2JLY_A,517,0.31704664898
2JLY_A,518,0.0
2JLY_A,519,1.40540029412
2JLY_A,520,2.27368945722
2JLY_A,521,0.605068995004
2JLY_A,522,1.49307309401
2JLY_A,523,1.0769176418
2JLY_A,524,2.15619669807
2JLY_A,525,0.0627316510249
2JLY_A,526,2.10430175705
2JLY_A,527,0.633328482327
2JLY_A,528,2.23318774211
2JLY_A,529,1.30567123836
2JLY_A,530,0.194306255331
2JLY_A,531,1.7562704578
2JLY_A,532,1.50192344258
2JLY_A,533,0.130384796353
2JLY_A,534,1.35382411107
2JLY_A,535,2.11482517959
2JLY_A,536,0.338015821823
2JLY_A,537,0.927116283922
2JLY_A,538,2.07423161837
2JLY_A,539,1.7880734869
2JLY_A,540,0.0704086283162
2JLY_A,541,1.26079044079
2JLY_A,542,0.316877173044
2JLY_A,543,1.03144176006
2JLY_A,544,0.958973868077
2JLY_A,545,0.862530544347
2JLY_A,546,0.484462854207
2JLY_A,547,0.0
2JLY_A,548,0.982127379002
2JLY_A,549,1.01025377265
2JLY_A,550,0.668070343129
2JLY_A,551,0.0144272148622
2JLY_A,552,1.01623577506
2JLY_A,553,1.65545523084
2JLY_A,554,0.282198482034
2JLY_A,555,1.25996731107
2JLY_A,556,1.68401325045
2JLY_A,557,1.7194165759
2JLY_A,558,2.15034200034
2JLY_A,559,0.750006264782
2JLY_A,560,1.76800696387
2JLY_A,561,1.46038264933
2JLY_A,562,0.88359741644
2JLY_A,563,1.30813802227
2JLY_A,564,0.558391174062
2JLY_A,565,1.66257684353
2JLY_A,566,0.0
2JLY_A,567,1.94687415305
2JLY_A,568,1.26634475307
2JLY_A,569,1.58801268362
2JLY_A,570,1.55545908617
2JLY_A,571,1.65846031609
2JLY_A,572,1.20790541744
2JLY_A,573,1.04966730938
2JLY_A,574,2.35607247735
2JLY_A,575,0.568436961705
2JLY_A,576,0.671356435773
2JLY_A,577,1.78931642797
2JLY_A,578,1.96795703788
2JLY_A,579,1.02338264468
2JLY_A,580,1.35572138396
2JLY_A,581,0.740313511049
2JLY_A,582,1.21040540681
2JLY_A,583,0.808994686608
2JLY_A,584,1.86311956145
2JLY_A,585,1.59278109069
2JLY_A,586,0.148382757296
2JLY_A,587,1.92769511751
2JLY_A,588,1.46033891389
2JLY_A,589,1.44478144882
2JLY_A,590,2.01180861929
2JLY_A,591,0.559599204971
2JLY_A,592,1.49915246466
2JLY_A,593,0.545620776268
2JLY_A,594,1.93754743541
2JLY_A,595,0.73314149011
2JLY_A,596,1.97659325328
2JLY_A,597,0.176800531961
2JLY_A,598,0.904472466103
2JLY_A,599,1.55950240271
2JLY_A,600,1.26434015245
2JLY_A,601,2.01210648456
2JLY_A,602,1.6746769819
2JLY_A,603,1.8793278303
2JLY_A,604,0.980265830707
2JLY_A,605,1.33023662285
2JLY_A,606,2.02864588204
2JLY_A,607,1.00449056542
2JLY_A,608,1.45731477751
2JLY_A,609,1.63361868066
2JLY_A,610,0.859582920672
2JLY_A,611,2.05053276352
2JLY_A,612,1.73196234457
2JLY_A,613,1.41224792739
2JLY_A,614,0.191030375713
2JLY_A,615,0.998738620055
2JLY_A,616,0.0
2JLY_A,617,1.74361570496
2JLY_A,618,1.39955593878
2Z83_A,181,1.7109595745
2Z83_A,182,0.904222442989
2Z83_A,183,0.463641516164
2Z83_A,184,1.09753393921
2Z83_A,185,1.58795063719
2Z83_A,186,1.93250038099
2Z83_A,187,0.0260778329834
2Z83_A,188,1.31766310949
2Z83_A,189,2.28986640601
2Z83_A,190,1.90932415138
2Z83_A,191,1.27241989867
2Z83_A,192,2.14184169057
2Z83_A,193,2.10177973688
2Z83_A,194,1.71063469919
2Z83_A,195,1.96797045829
2Z83_A,196,1.08476605102
2Z83_A,197,0.0
2Z83_A,198,1.78024346427
2Z83_A,199,0.781175723324
2Z83_A,200,1.66718965447
2Z83_A,201,2.0990823213
2Z83_A,202,1.91436777963
2Z83_A,203,1.65720205832
2Z83_A,204,2.23893462396
2Z83_A,205,0.221038662271
2Z83_A,206,1.4751132931
2Z83_A,207,1.73488043135
2Z83_A,208,1.68034303978
2Z83_A,209,1.04747512983
2Z83_A,210,1.9004549838
2Z83_A,211,1.82768713744
2Z83_A,212,0.163280219015
2Z83_A,213,1.65033427636
2Z83_A,214,1.64497076696
2Z83_A,215,1.68344283542
2Z83_A,216,0.879574267006
2Z83_A,217,0.614504906262
2Z83_A,218,2.02059577422
2Z83_A,219,0.51437394674
2Z83_A,220,1.64193313476
2Z83_A,221,0.83229148201
2Z83_A,222,1.52247558576
2Z83_A,223,0.90046076298
2Z83_A,224,2.10646832903
2Z83_A,225,1.17168189199
2Z83_A,226,1.62628557144
2Z83_A,227,1.63406029419
2Z83_A,228,1.69289672054
2Z83_A,229,0.908767100873
2Z83_A,230,2.28920264442
2Z83_A,231,2.14467709795
2Z83_A,232,1.52165797386
2Z83_A,233,1.47973168609
2Z83_A,234,1.32425071746
2Z83_A,235,0.38898922874
2Z83_A,236,0.509214225592
2Z83_A,237,1.36369074053
2Z83_A,238,0.0
2Z83_A,239,1.01089646032
2Z83_A,240,1.33983991495
2Z83_A,241,0.46260696562
2Z83_A,242,1.91806840634
2Z83_A,243,1.31722266248
2Z83_A,244,2.04107866531
2Z83_A,245,0.283627096117
2Z83_A,254,0.639989750728
2Z83_A,255,1.42344256286
2Z83_A,256,1.64434748685
2Z83_A,257,1.55957686886
2Z83_A,258,0.712596479953
2Z83_A,259,1.88068748313
2Z83_A,260,0.836544938106
2Z83_A,261,1.67246879038
2Z83_A,262,1.42464365971
2Z83_A,263,1.17893222413
2Z83_A,264,1.61552679212
2Z83_A,265,1.58010714251
2Z83_A,266,1.70147522788
2Z83_A,267,1.01558113463
2Z83_A,268,2.51995150292
2Z83_A,269,2.23289374943
2Z83_A,270,1.37978476342
2Z83_A,271,1.58865371078
2Z83_A,272,0.213929129178
2Z83_A,273,1.14305798632
2Z83_A,274,1.73769855861
2Z83_A,276,1.56239614918
2Z83_A,277,0.498266526704
2Z83_A,278,1.32035561389
2Z83_A,279,0.729219974909
2Z83_A,280,1.81078389971
2Z83_A,281,0.980957860981
2Z83_A,282,0.66835668467
2Z83_A,283,0.58488609664
2Z83_A,284,1.40536492578
2Z83_A,285,1.84697785194
2Z83_A,286,1.37469973814
2Z83_A,287,0.491425067295
2Z83_A,288,1.50909026983
2Z83_A,289,1.48108114723
2Z83_A,290,1.84040227365
2Z83_A,291,0.622859126658
2Z83_A,292,0.510091736849
2Z83_A,293,1.65377672387
2Z83_A,294,0.750510417013
2Z83_A,295,1.55960738933
2Z83_A,296,0.207818330017
2Z83_A,297,0.631714590461
2Z83_A,298,0.150631837999
2Z83_A,299,0.0144272148622
2Z83_A,300,2.24712405836
2Z83_A,301,0.511217478881
2Z83_A,302,1.75301520894
2Z83_A,303,2.00021998935
2Z83_A,304,1.9397144914
2Z83_A,305,1.05695762598
2Z83_A,306,2.14699733239
2Z83_A,307,2.20591771214
2Z83_A,308,0.167944147734
2Z83_A,309,1.91470455578
2Z83_A,310,0.5739019031
2Z83_A,311,0.841043314709
2Z83_A,312,1.1058720414
2Z83_A,313,0.443905015676
2Z83_A,314,0.5889436609
2Z83_A,315,1.50996515554
2Z83_A,316,0.641434271357
2Z83_A,317,1.3609214297
2Z83_A,318,1.430319454
2Z83_A,319,0.450869347999
2Z83_A,320,0.0
2Z83_A,321,0.0
2Z83_A,322,1.84572265112
2Z83_A,323,1.21286208876
2Z83_A,324,0.851797591254
2Z83_A,325,0.553272997032
2Z83_A,326,1.46667217115
2Z83_A,327,1.444197582
2Z83_A,328,1.75068091502
2Z83_A,329,1.35716633851
2Z83_A,330,0.370668279187
2Z83_A,331,0.406088077288
2Z83_A,332,0.397338494206
2Z83_A,333,0.703136894092
2Z83_A,334,2.22592217856
2Z83_A,335,1.56043448236
2Z83_A,336,1.97950448051
2Z83_A,337,1.43781430772
2Z83_A,338,1.95563314839
2Z83_A,339,1.82269093392
2Z83_A,340,1.27133673146
2Z83_A,341,0.363153323994
2Z83_A,342,2.14201885511
2Z83_A,343,1.34983471228
2Z83_A,344,1.68252752644
2Z83_A,345,1.37408651567
2Z83_A,346,0.732360979162
2Z83_A,347,1.02470845319
2Z83_A,348,0.0
2Z83_A,349,0.851017801488
2Z83_A,350,1.5684217848
2Z83_A,351,0.350114978555
2Z83_A,352,1.46864043314
2Z83_A,353,1.28039432746
2Z83_A,354,1.91387489272
2Z83_A,355,2.12552484452
2Z83_A,356,1.09124085864
2Z83_A,357,0.574861537561
2Z83_A,358,1.73092132783
2Z83_A,359,1.12689658127
2Z83_A,360,1.61590253287
2Z83_A,361,2.00325860357
2Z83_A,362,1.40167193316
2Z83_A,363,1.4449771268
2Z83_A,364,1.456480754
2Z83_A,365,1.55051448527
2Z83_A,366,1.92022937011
2Z83_A,367,1.35138999759
2Z83_A,368,2.10625193377
2Z83_A,369,0.825738711254
2Z83_A,370,1.92422324956
2Z83_A,371,1.80295835791
2Z83_A,372,1.86678973001
2Z83_A,373,1.30252629162
2Z83_A,374,1.78238777165
2Z83_A,375,1.92738052939
2Z83_A,376,1.08876774534
2Z83_A,377,1.83713915319
2Z83_A,378,1.5797153021
2Z83_A,379,2.2861445842
2Z83_A,380,0.0144272148622
2Z83_A,381,0.92231308688
2Z83_A,382,1.6383321127
2Z83_A,383,0.410059275737
2Z83_A,384,0.428555903617
2Z83_A,385,1.91157365892
2Z83_A,386,2.17402763635
2Z83_A,387,0.974022668739
2Z83_A,388,1.05608090182
2Z83_A,389,1.5651772205
2Z83_A,390,1.73812175244
2Z83_A,391,2.01954140388
2Z83_A,392,1.51985269556
2Z83_A,393,0.774263141946
2Z83_A,394,1.95688515419
2Z83_A,395,2.00288955769
2Z83_A,396,1.46407249197
2Z83_A,397,1.2166278913
2Z83_A,398,1.57991902325
2Z83_A,399,2.03822079581
2Z83_A,400,1.52422856652
2Z83_A,401,0.0260778329834
2Z83_A,402,1.48367045121
2Z83_A,403,0.620732098213
2Z83_A,404,0.705996054521
2Z83_A,405,0.766945527283
2Z83_A,406,0.933570123793
2Z83_A,407,1.27719259062
2Z83_A,408,0.426752186629
2Z83_A,409,0.414684490999
2Z83_A,410,0.966213208383
2Z83_A,411,1.92712579085
2Z83_A,412,1.65370624279
2Z83_A,416,1.23660656508
2Z83_A,417,1.10508618785
2Z83_A,418,1.64531823164
2Z83_A,419,1.81148483422
2Z83_A,420,0.818307140257
2Z83_A,421,1.85181553598
2Z83_A,422,1.804012756
2Z83_A,423,0.83273051893
2Z83_A,424,0.709023079996
2Z83_A,425,0.729195353517
2Z83_A,426,1.83831778489
2Z83_A,427,1.03762959561
2Z83_A,428,1.57560759956
2Z83_A,429,2.30041813696
2Z83_A,430,2.01235833274
2Z83_A,431,2.46285513594
2Z83_A,432,1.83452496569
2Z83_A,433,1.8420847159
2Z83_A,434,2.19881237767
2Z83_A,435,2.24276856855
2Z83_A,436,2.11809585098
2Z83_A,437,1.97246142567
2Z83_A,438,0.78598934861
2Z83_A,439,2.00096513054
2Z83_A,440,0.0
2Z83_A,441,2.07442131879
2Z83_A,442,1.58487518653
2Z83_A,443,2.03767258377
2Z83_A,444,1.68252370785
2Z83_A,445,0.539340334462
2Z83_A,446,1.24278398717
2Z83_A,447,0.125206519049
2Z83_A,448,1.89993178521
2Z83_A,449,1.85564540261
2Z83_A,450,2.05745407373
2Z83_A,451,1.10676982006
2Z83_A,452,1.64628447601
2Z83_A,453,1.52661942192
2Z83_A,454,0.935095692584
2Z83_A,455,1.58576863529
2Z83_A,456,1.6929203146
2Z83_A,457,2.12317186464
2Z83_A,458,1.69804672768
2Z83_A,459,1.21088818318
2Z83_A,460,0.770283675214
2Z83_A,461,1.61334860163
2Z83_A,462,0.614163437743
2Z83_A,463,0.0
2Z83_A,464,1.12396300693
2Z83_A,465,1.40507772892
2Z83_A,466,0.587381330828
2Z83_A,467,1.18800188167
2Z83_A,468,1.94365285813
2Z83_A,469,1.81523024808
2Z83_A,470,0.0
2Z83_A,471,0.775150257503
2Z83_A,472,1.81982364093
2Z83_A,473,0.805943984414
2Z83_A,474,1.56993015635
2Z83_A,475,0.758322324676
2Z83_A,476,0.398314181287
2Z83_A,477,0.0144272148622
2Z83_A,478,2.14019817896
2Z83_A,479,1.30729102121
2Z83_A,480,1.41663466447
2Z83_A,481,1.84040771674
2Z83_A,482,0.331509727067
2Z83_A,483,1.63910509947
2Z83_A,484,1.83180551226
2Z83_A,485,2.05301017639
2Z83_A,486,1.57081266146
2Z83_A,487,0.485215566483
2Z83_A,488,1.37374598893
2Z83_A,489,2.00094662069
2Z83_A,490,2.40886583327
2Z83_A,491,0.154479307713
2Z83_A,492,0.245722905351
2Z83_A,493,1.74054210567
2Z83_A,494,0.227696442541
2Z83_A,495,1.41918243963
2Z83_A,496,0.352909108443
2Z83_A,497,0.684932663037
2Z83_A,498,0.147401620731
2Z83_A,499,0.706304793436
2Z83_A,500,1.57643325838
2Z83_A,501,2.32922849612
2Z83_A,502,0.712187782987
2Z83_A,503,2.3942983384
2Z83_A,504,0.422709087806
2Z83_A,505,1.93730435922
2Z83_A,506,1.19004601388
2Z83_A,507,0.756171026464
2Z83_A,508,2.0411001269
2Z83_A,509,1.63105026049
2Z83_A,510,1.27604879659
2Z83_A,511,1.31663236957
2Z83_A,512,0.994830545708
2Z83_A,513,0.301701390375
2Z83_A,514,1.52375170997
2Z83_A,515,1.43711006417
2Z83_A,516,2.3224096594
2Z83_A,517,2.59536189474
2Z83_A,518,1.24765456294
2Z83_A,519,2.12314539586
2Z83_A,520,2.13599222432
2Z83_A,521,0.942561378456
2Z83_A,522,0.0
2Z83_A,523,1.51440429806
2Z83_A,524,0.856174197565
2Z83_A,525,1.89605256538
2Z83_A,526,0.0288504217056
2Z83_A,527,1.42951204791
2Z83_A,528,0.0
2Z83_A,529,1.7076559392
2Z83_A,530,1.32130244829
2Z83_A,531,1.46663245194
2Z83_A,532,1.14419175634
2Z83_A,533,1.67654072028
2Z83_A,534,0.464325038188
2Z83_A,535,1.13160653636
2Z83_A,536,2.06743354504
2Z83_A,537,1.01635007811
2Z83_A,538,1.72333163644
2Z83_A,539,1.94225945511
2Z83_A,540,1.83363215385
2Z83_A,541,1.80742020376
2Z83_A,542,0.956797307367
2Z83_A,543,0.789326517047
2Z83_A,544,0.760840153372
2Z83_A,545,1.09852671545
2Z83_A,546,1.2953743229
2Z83_A,547,1.0307643801
2Z83_A,548,0.0
2Z83_A,549,0.770333837538
2Z83_A,550,1.77307730402
2Z83_A,551,0.930812537325
2Z83_A,552,0.0
2Z83_A,553,0.80948108254
2Z83_A,554,1.80516532639
2Z83_A,555,0.843429771361
2Z83_A,556,1.0739732779
2Z83_A,557,0.902088020137
2Z83_A,558,1.68055424558
2Z83_A,559,1.78019223356
2Z83_A,560,0.773302498377
2Z83_A,561,1.2815902159
2Z83_A,562,1.63553883761
2Z83_A,563,1.1071246634
2Z83_A,564,1.92026708063
2Z83_A,565,1.19382364701
2Z83_A,566,2.1391468645
2Z83_A,567,0.0
2Z83_A,568,1.63462685425
2Z83_A,569,1.62772302992
2Z83_A,570,1.74406819587
2Z83_A,571,1.47448122374
2Z83_A,572,1.74942170463
2Z83_A,573,2.01505051001
2Z83_A,574,1.3094349709
2Z83_A,575,2.59614650425
2Z83_A,576,0.675550106542
2Z83_A,577,0.69234696709
2Z83_A,578,2.07528195778
2Z83_A,579,1.42140782814
2Z83_A,580,2.09711924821
2Z83_A,581,2.13439173751
2Z83_A,582,1.41612451163
2Z83_A,583,1.54155561964
2Z83_A,584,1.21349512987
2Z83_A,585,2.02854200162
2Z83_A,586,1.62016916873
2Z83_A,587,0.0
2Z83_A,588,1.90521767811
2Z83_A,589,1.85592982924
2Z83_A,590,2.04843831976
2Z83_A,591,2.13289333935
2Z83_A,592,1.64671788675
2Z83_A,593,0.596072620676
2Z83_A,594,1.82633806668
2Z83_A,595,1.93788030549
2Z83_A,596,1.20525364716
2Z83_A,597,2.15816957934
2Z83_A,598,0.369883440664
2Z83_A,599,1.74752577398
2Z83_A,600,1.40064703449
2Z83_A,601,1.82899294085
2Z83_A,602,2.32961100525
2Z83_A,603,1.84202698007
2Z83_A,604,1.77051079472
2Z83_A,605,1.77966711202
2Z83_A,606,1.36072229384
2Z83_A,607,1.34049862758
2Z83_A,608,1.57766847207
2Z83_A,609,1.90826487006
2Z83_A,610,1.96227154653
2Z83_A,611,2.04354124853
2Z83_A,612,2.22216147714
2Z83_A,613,1.75564154698
2Z83_A,614,1.96065185333
2Z83_A,615,0.843707592482
2Z83_A,616,1.43887734025
2Z83_A,617,0.0144272148622
2Z83_A,618,1.97283157619
3GOL_A,1,1.24693763609
3GOL_A,2,1.41981316855
3GOL_A,3,0.520010246194
3GOL_A,4,1.11979163512
3GOL_A,5,1.95802702567
3GOL_A,6,1.09706505463
3GOL_A,7,1.3861130164
3GOL_A,8,0.0
3GOL_A,9,1.50667863114
3GOL_A,10,2.06823471343
3GOL_A,11,1.68925708131
3GOL_A,12,2.32720776028
3GOL_A,13,0.585237953862
3GOL_A,14,2.53473669188
3GOL_A,15,1.1332009032
3GOL_A,16,1.72390142824
3GOL_A,17,2.01433105016
3GOL_A,18,1.93517285352
3GOL_A,19,2.01753712779
3GOL_A,20,2.18067276632
3GOL_A,21,0.919143178115
3GOL_A,22,2.16970429029
3GOL_A,23,1.24888082945
3GOL_A,24,1.35964965936
3GOL_A,25,0.499121208377
3GOL_A,26,1.74259799576
3GOL_A,27,0.123636197796
3GOL_A,28,1.70973355994
3GOL_A,29,1.54332224334
3GOL_A,30,1.95333504559
3GOL_A,31,1.56313035785
3GOL_A,32,1.83929607524
3GOL_A,33,1.5317811647
3GOL_A,34,1.86192414457
3GOL_A,35,1.76994869565
3GOL_A,36,1.84755840503
3GOL_A,37,0.975122243507
3GOL_A,38,1.08989828144
3GOL_A,39,1.60451214456
3GOL_A,40,0.565517479599
3GOL_A,41,1.20056060431
3GOL_A,42,1.7018358654
3GOL_A,43,1.99119487106
3GOL_A,44,1.32385060382
3GOL_A,45,0.473782339002
3GOL_A,46,1.83662825366
3GOL_A,47,1.77052086027
3GOL_A,48,2.10416095246
3GOL_A,49,2.33180865438
3GOL_A,50,1.58648293762
3GOL_A,51,2.08216801554
3GOL_A,52,2.38964098634
3GOL_A,53,0.694395808727
3GOL_A,54,0.865188598039
3GOL_A,55,1.22021960602
3GOL_A,56,1.23432588936
3GOL_A,57,1.86293874884
3GOL_A,58,1.3008270952
3GOL_A,59,1.25408724494
3GOL_A,60,1.22369007555
3GOL_A,61,1.17411127471
3GOL_A,62,1.32652608516
3GOL_A,63,2.21246016904
3GOL_A,64,0.841378692156
3GOL_A,65,1.14612108581
3GOL_A,66,1.89295777974
3GOL_A,67,1.66816787068
3GOL_A,68,1.5957244836
3GOL_A,69,1.82121310935
3GOL_A,70,1.6353070754
3GOL_A,71,1.94625530638
3GOL_A,72,1.85956460725
3GOL_A,73,1.71857083931
3GOL_A,74,1.24805305905
3GOL_A,75,0.256250166621
3GOL_A,76,1.2698363594
3GOL_A,77,1.68788404603
3GOL_A,78,2.22095862479
3GOL_A,79,1.31542546779
3GOL_A,80,1.44595689584
3GOL_A,81,1.92408297954
3GOL_A,82,2.08222674969
3GOL_A,83,1.05305428504
3GOL_A,84,0.734866023622
3GOL_A,85,2.06736402854
3GOL_A,86,1.48749133495
3GOL_A,87,1.67298610734
3GOL_A,88,0.0665507360347
3GOL_A,89,1.71300255487
3GOL_A,90,1.86012122417
3GOL_A,91,0.948592999558
3GOL_A,92,0.988439000483
3GOL_A,93,1.30118200785
3GOL_A,94,1.59040966759
3GOL_A,95,1.41096903726
3GOL_A,96,1.29899208168
3GOL_A,97,1.74869597576
3GOL_A,98,1.29989399903
3GOL_A,99,0.171417567047
3GOL_A,100,1.74688162702
3GOL_A,101,2.07160051014
3GOL_A,102,0.0144272148622
3GOL_A,103,1.73139593115
3GOL_A,104,1.41544662219
3GOL_A,105,0.210221512474
3GOL_A,106,1.95398613076
3GOL_A,107,0.818638665801
3GOL_A,108,0.99421980771
3GOL_A,109,1.9054789278
3GOL_A,110,1.57669002835
3GOL_A,111,1.51683892306
3GOL_A,112,1.30616308991
3GOL_A,113,1.54138302595
3GOL_A,114,1.5740807241
3GOL_A,115,0.575005841375
3GOL_A,116,2.29024365089
3GOL_A,117,1.90666918181
3GOL_A,118,2.4405256622
3GOL_A,119,1.68756704681
3GOL_A,120,1.72260288648
3GOL_A,121,2.11128926241
3GOL_A,122,2.07595231292
3GOL_A,123,2.40317453552
3GOL_A,124,1.9499549951
3GOL_A,125,0.899942302559
3GOL_A,126,1.70957285035
3GOL_A,127,1.10154595963
3GOL_A,128,2.0497578662
3GOL_A,129,1.64724710734
3GOL_A,130,2.05165108391
3GOL_A,131,1.70791146835
3GOL_A,132,0.994097483655
3GOL_A,133,0.243224114618
3GOL_A,134,0.988400687114
3GOL_A,135,2.23954381688
3GOL_A,136,2.2063553137
3GOL_A,137,2.04611991338
3GOL_A,138,2.1537758064
3GOL_A,139,2.31964842552
3GOL_A,140,0.676070762638
3GOL_A,141,2.09485832109
3GOL_A,142,2.44641518664
3GOL_A,143,1.98672402693
3GOL_A,144,1.41594320815
3GOL_A,145,1.85861374602
3GOL_A,146,1.68516197386
3GOL_A,147,2.03692388343
3GOL_A,148,1.84634450209
3GOL_A,149,0.804748127948
3GOL_A,153,0.249768124034
3GOL_A,154,2.200052648
3GOL_A,155,2.02387994013
3GOL_A,156,1.11253806596
3GOL_A,157,0.594311218669
3GOL_A,158,2.21517883625
3GOL_A,159,1.50044239746
3GOL_A,160,1.71669278295
3GOL_A,161,1.09820542776
3GOL_A,162,1.14846770429
3GOL_A,163,0.898737416744
3GOL_A,164,0.265927125082
3GOL_A,165,0.153600877733
3GOL_A,166,1.78395921114
3GOL_A,167,2.01134370064
3GOL_A,168,1.69424700136
3GOL_A,169,1.39749869195
3GOL_A,170,1.28346910687
3GOL_A,171,1.24803304343
3GOL_A,172,1.22521627976
3GOL_A,173,1.68950246477
3GOL_A,174,1.81801779997
3GOL_A,175,2.22785830459
3GOL_A,176,0.970507681459
3GOL_A,177,1.06195521431
3GOL_A,178,1.98393454495
3GOL_A,179,2.22597746519
3GOL_A,180,1.50726326128
3GOL_A,181,1.89482494477
3GOL_A,182,0.892958055015
3GOL_A,183,1.58836299515
3GOL_A,184,2.42875106602
3GOL_A,185,2.16981308165
3GOL_A,186,1.27170333449
3GOL_A,187,1.69205934175
3GOL_A,188,0.122433930327
3GOL_A,189,1.97706877228
3GOL_A,190,1.79236906789
3GOL_A,191,1.38792534995
3GOL_A,192,0.50413784804
3GOL_A,193,1.51776606747
3GOL_A,194,1.53259720393
3GOL_A,195,0.7360904212
3GOL_A,196,0.994721022361
3GOL_A,197,0.490081100109
3GOL_A,198,1.28695795068
3GOL_A,199,0.951593252305
3GOL_A,200,1.90080553998
3GOL_A,201,1.16571690594
3GOL_A,202,1.50876105629
3GOL_A,203,1.9663709922
3GOL_A,204,1.94868196794
3GOL_A,205,2.03616190024
3GOL_A,206,1.41309695747
3GOL_A,207,1.32552897074
3GOL_A,208,0.379711459775
3GOL_A,209,1.98377824194
3GOL_A,210,2.09293541378
3GOL_A,211,1.85316141269
3GOL_A,212,1.88676530127
3GOL_A,213,0.969252214501
3GOL_A,214,0.565887376607
3GOL_A,215,1.40110691975
3GOL_A,216,1.09964917752
3GOL_A,217,1.1769676728
3GOL_A,218,1.37742300489
3GOL_A,219,1.77715717324
3GOL_A,220,1.77496612854
3GOL_A,221,2.35735674185
3GOL_A,222,1.77487851848
3GOL_A,223,1.77795948019
3GOL_A,224,2.00935001559
3GOL_A,225,1.55428612127
3GOL_A,226,0.948274365725
3GOL_A,227,1.56750628705
3GOL_A,228,1.79603327404
3GOL_A,229,0.755000838286
3GOL_A,230,1.70776610874
3GOL_A,231,1.84367826797
3GOL_A,232,0.899512631201
3GOL_A,233,1.45435296729
3GOL_A,234,1.75934592515
3GOL_A,235,1.80791856768
3GOL_A,236,2.13431166808
3GOL_A,237,2.16418904278
3GOL_A,238,1.76594927138
3GOL_A,239,1.47895198862
3GOL_A,240,2.37285440053
3GOL_A,241,1.29315803288
3GOL_A,242,1.33733530149
3GOL_A,243,1.61556021904
3GOL_A,244,1.68642167077
3GOL_A,245,1.45195234036
3GOL_A,246,1.16109953594
3GOL_A,247,0.949870398723
3GOL_A,248,1.72041647031
3GOL_A,249,2.01719375829
3GOL_A,250,1.29081143138
3GOL_A,251,1.93811018114
3GOL_A,252,1.11987109564
3GOL_A,253,2.28298979875
3GOL_A,254,1.97875638143
3GOL_A,255,0.577679774992
3GOL_A,256,1.78048065101
3GOL_A,257,2.17222403493
3GOL_A,258,2.2188385121
3GOL_A,259,0.396103188713
3GOL_A,260,1.24546425701
3GOL_A,261,2.0406455133
3GOL_A,262,1.93893490151
3GOL_A,263,0.0
3GOL_A,264,0.0560015343548
3GOL_A,265,2.03643436011
3GOL_A,266,0.724425598292
3GOL_A,267,1.4788874169
3GOL_A,268,0.872875702806
3GOL_A,269,2.27799465525
3GOL_A,270,2.20693004876
3GOL_A,271,0.0
3GOL_A,272,1.84635523647
3GOL_A,273,2.14340163874
3GOL_A,274,2.10943000289
3GOL_A,275,0.0
3GOL_A,276,1.79524509183
3GOL_A,277,2.07413915048
3GOL_A,278,1.8229476484
3GOL_A,279,1.17762503868
3GOL_A,280,1.45426138748
3GOL_A,281,1.76537440487
3GOL_A,282,1.90349120062
3GOL_A,283,0.0510931053791
3GOL_A,284,1.32606552984
3GOL_A,285,1.53396455584
3GOL_A,286,2.43396885689
3GOL_A,287,1.39973613587
3GOL_A,288,1.28996341328
3GOL_A,289,1.88909565005
3GOL_A,290,0.658859793857
3GOL_A,291,1.98900581272
3GOL_A,292,1.45626284273
3GOL_A,293,2.01626878981
3GOL_A,294,1.71718811231
3GOL_A,295,1.89283333739
3GOL_A,296,1.49264063978
3GOL_A,297,0.900674706209
3GOL_A,298,0.893750858969
3GOL_A,299,1.65766844006
3GOL_A,300,2.36191452854
3GOL_A,301,0.0549121903888
3GOL_A,302,0.0366779387501
3GOL_A,303,0.9555333934
3GOL_A,304,2.26216267999
3GOL_A,305,2.40832730258
3GOL_A,306,0.195469700283
3GOL_A,307,0.86029287893
3GOL_A,308,1.53077718728
3GOL_A,309,2.03965880269
3GOL_A,310,0.757208583437
3GOL_A,311,1.55456285312
3GOL_A,312,1.74681856006
3GOL_A,313,2.22011206953
3GOL_A,314,1.77601782254
3GOL_A,315,0.975909732204
3GOL_A,316,2.44561845818
3GOL_A,317,0.356365831062
3GOL_A,318,2.14013906391
3GOL_A,319,1.79786282084
3GOL_A,320,2.06863788373
3GOL_A,321,1.93243760924
3GOL_A,322,1.86375034821
3GOL_A,323,1.89207999634
3GOL_A,324,1.55848237289
3GOL_A,325,0.931374780855
3GOL_A,326,0.0693233247569
3GOL_A,327,1.75627411458
3GOL_A,328,0.0
3GOL_A,329,1.58588163278
3GOL_A,330,1.457822628
3GOL_A,331,1.73604421623
3GOL_A,332,0.449239844951
3GOL_A,333,1.5545781377
3GOL_A,334,1.79674302879
3GOL_A,335,1.7183261961
3GOL_A,336,2.00602014126
3GOL_A,337,1.52295194181
3GOL_A,338,1.7040891978
3GOL_A,339,1.19669316304
3GOL_A,340,1.74186067294
3GOL_A,341,1.68196881022
3GOL_A,342,0.758293506417
3GOL_A,343,1.0939960264
3GOL_A,344,1.29904547765
3GOL_A,345,1.48228395385
3GOL_A,346,0.835518082953
3GOL_A,347,0.337031478701
3GOL_A,348,1.50856540974
3GOL_A,349,1.95335717184
3GOL_A,350,1.66342977406
3GOL_A,351,1.04568109514
3GOL_A,352,1.5313767771
3GOL_A,353,0.592012500294
3GOL_A,354,1.0821028662
3GOL_A,355,1.40655095066
3GOL_A,356,1.22135074875
3GOL_A,357,2.19270239491
3GOL_A,358,1.17542744567
3GOL_A,359,1.6956675115
3GOL_A,360,1.1557046673
3GOL_A,361,1.51682415028
3GOL_A,362,1.77301436598
3GOL_A,363,1.49965227142
3GOL_A,364,1.64943434331
3GOL_A,365,1.60756886572
3GOL_A,366,1.51695518952
3GOL_A,367,0.85330563368
3GOL_A,368,1.6358475852
3GOL_A,369,2.11822787597
3GOL_A,370,1.74171374262
3GOL_A,371,2.28545623114
3GOL_A,372,2.49878442412
3GOL_A,373,1.44239598689
3GOL_A,374,1.55591941254
3GOL_A,375,0.772295846167
3GOL_A,376,1.8433415493
3GOL_A,377,1.74771553772
3GOL_A,378,0.0
3GOL_A,379,2.06058970383
3GOL_A,380,2.30606218791
3GOL_A,381,1.96374792454
3GOL_A,382,1.6987557176
3GOL_A,383,0.30757786106
3GOL_A,384,1.88337982123
3GOL_A,385,1.68298594932
3GOL_A,386,1.34120203238
3GOL_A,387,1.93118551989
3GOL_A,388,0.5845138906
3GOL_A,389,1.75030409325
3GOL_A,390,1.48300914596
3GOL_A,391,0.555469628733
3GOL_A,392,2.09626620675
3GOL_A,393,0.250996984412
3GOL_A,394,1.66819026709
3GOL_A,395,1.6598955971
3GOL_A,396,0.412930171422
3GOL_A,397,1.2746744897
3GOL_A,398,0.865190160044
3GOL_A,399,1.54705979956
3GOL_A,400,0.250211561671
3GOL_A,401,2.28316867823
3GOL_A,402,1.65980056065
3GOL_A,403,1.84810434435
3GOL_A,404,2.05604331017
3GOL_A,405,1.77126034665
3GOL_A,406,1.69600895774
3GOL_A,407,1.77724183274
3GOL_A,408,1.59089529765
3GOL_A,409,1.96139953332
3GOL_A,410,0.859778049195
3GOL_A,411,1.37421995348
3GOL_A,412,1.81803006003
3GOL_A,413,2.14907257448
3GOL_A,414,1.75492874812
3GOL_A,415,0.831160950348
3GOL_A,416,0.803736887312
3GOL_A,417,0.950242620084
3GOL_A,418,1.01305973938
3GOL_A,419,1.99758949178
3GOL_A,420,1.47911065125
3GOL_A,421,0.358693246075
3GOL_A,422,1.26170498435
3GOL_A,423,2.13633386821
3GOL_A,424,1.80237324844
3GOL_A,425,1.98819340501
3GOL_A,426,1.6962532025
3GOL_A,427,0.502625900932
3GOL_A,428,1.80669782072
3GOL_A,429,1.78033151448
3GOL_A,430,2.11647072114
3GOL_A,431,2.11093443342
3GOL_A,432,2.25771425507
3GOL_A,433,1.5988306023
3GOL_A,434,1.9570132404
3GOL_A,435,1.69669262588
3GOL_A,436,2.14810075246
3GOL_A,437,0.887907084342
3GOL_A,438,1.87625827842
3GOL_A,439,1.25709938284
3GOL_A,440,1.93707166127
3GOL_A,441,2.12781009056
3GOL_A,442,2.10979285669
3GOL_A,443,0.569606088027
3GOL_A,444,2.30225136689
3GOL_A,445,1.50159377295
3GOL_A,446,2.05028154492
3GOL_A,447,1.46423628328
3GOL_A,448,1.08462011682
3GOL_A,449,0.0
3GOL_A,450,1.74945179074
3GOL_A,451,1.8166484336
3GOL_A,452,0.767117903108
3GOL_A,453,1.95076611783
3GOL_A,454,2.34041477925
3GOL_A,455,1.9026737461
3GOL_A,456,1.59302899964
3GOL_A,457,1.16279044719
3GOL_A,458,1.93369358024
3GOL_A,459,2.39059225791
3GOL_A,460,1.27392877468
3GOL_A,461,2.0409256003
3GOL_A,462,2.12760334708
3GOL_A,463,1.21893001113
3GOL_A,464,1.33996367328
3GOL_A,465,1.93624460585
3GOL_A,466,2.14691735577
3GOL_A,467,0.775594344103
3GOL_A,468,0.0404970237599
3GOL_A,469,1.40620837437
3GOL_A,470,1.92963242636
3GOL_A,471,0.225980147879
3GOL_A,472,0.0848116736918
3GOL_A,473,2.33743801498
3GOL_A,474,1.68599195774
3GOL_A,475,1.22319917407
3GOL_A,476,0.715550058547
3GOL_A,477,0.708731114712
3GOL_A,478,1.58525444017
3GOL_A,479,1.35559752875
3GOL_A,480,1.5288905728
3GOL_A,481,2.14589724587
3GOL_A,482,1.91028965735
3GOL_A,483,1.72426272741
3GOL_A,484,1.79308537068
3GOL_A,485,1.80941414333
3GOL_A,486,2.22518307874
3GOL_A,487,2.06775559666
3GOL_A,488,1.92345711619
3GOL_A,489,1.92418115126
3GOL_A,490,1.64932612606
3GOL_A,491,2.04171757968
3GOL_A,492,0.884366871453
3GOL_A,493,0.219756224057
3GOL_A,494,1.13157469945
3GOL_A,495,0.124315793944
3GOL_A,496,1.57939754053
3GOL_A,497,2.3431130211
3GOL_A,498,1.15500440115
3GOL_A,499,1.28544076057
3GOL_A,500,0.203563993899
3GOL_A,501,1.79437063908
3GOL_A,502,1.61675265077
3GOL_A,503,1.73369356091
3GOL_A,504,0.310488301273
3GOL_A,505,1.25093388429
3GOL_A,506,1.44616096921
3GOL_A,507,0.52770796936
3GOL_A,508,1.69321122309
3GOL_A,509,1.66104462427
3GOL_A,510,2.1752864702
3GOL_A,511,0.247071009825
3GOL_A,512,1.98249869022
3GOL_A,513,1.82159645576
3GOL_A,514,2.35028901791
3GOL_A,515,0.0
3GOL_A,516,0.0260778329834
3GOL_A,517,1.73203132662
3GOL_A,518,1.52897416013
3GOL_A,519,1.41539431787
3GOL_A,520,2.04270293442
3GOL_A,521,1.83713231734
3GOL_A,522,0.362921099897
3GOL_A,523,1.88168283181
3GOL_A,524,0.959577564939
3GOL_A,525,2.09419101276
3GOL_A,526,0.329332345433
3GOL_A,527,1.44884573679
3GOL_A,528,0.702104168815
3GOL_A,529,0.493079354679
3GOL_A,530,2.1354808716
3GOL_A,531,0.371007749006
3GOL_A,532,0.189981827243
3GOL_A,533,1.84199389042
3GOL_A,534,2.02112875059
3GOL_A,535,1.4107034682
3GOL_A,536,0.313137269934
3GOL_A,537,0.85798743142
3GOL_A,538,1.24421716692
3GOL_A,539,1.74289739977
3GOL_A,540,0.68037560311
3GOL_A,541,1.37302172168
3GOL_A,542,0.67818513553
3GOL_A,543,0.546339147823
3GOL_A,547,1.08262633498
3GOL_A,548,1.31111658827
3GOL_A,549,2.07847205914
3GOL_A,550,1.92910711996
3GOL_A,551,0.987636293496
3GOL_A,552,2.23299672453
3GOL_A,553,1.52362639637
3GOL_A,554,2.19993956669
3GOL_A,555,1.73274432468
3GOL_A,556,1.86663753024
3GOL_A,557,0.0
3GOL_A,558,0.235983994372
3GOL_A,559,2.11948646696
3GOL_A,560,1.57652775657
3GOL_A,561,1.63807317535
3GOL_A,562,1.53530882743
3GOL_A,563,1.81056862152
3LYF_A,1,1.82149319499
3LYF_A,2,1.38386535968
3LYF_A,3,2.32484808486
3LYF_A,4,2.07572832836
3LYF_A,5,1.38608550531
3LYF_A,6,1.97635838698
3LYF_A,7,1.42960893277
3LYF_A,8,0.0610055585902
3LYF_A,9,1.74880376961
3LYF_A,10,2.08035239225
3LYF_A,11,0.856312201551
3LYF_A,12,1.4427610939
3LYF_A,13,2.24528218545
3LYF_A,14,2.06960558323
3LYF_A,15,1.47826651532
3LYF_A,16,0.262398402419
3LYF_A,18,0.0
3LYF_A,19,1.56578859416
3LYF_A,20,2.10375813137
3LYF_A,21,2.26934436898
3LYF_A,22,1.76583449293
3LYF_A,23,2.0501940974
3LYF_A,24,0.685255933405
3LYF_A,25,1.62236749262
3LYF_A,26,1.91251664786
3LYF_A,27,2.08710773399
3LYF_A,28,0.975353557657
3LYF_A,29,2.32728811443
3LYF_A,30,2.20497091314
3LYF_A,31,1.98793218941
3LYF_A,32,1.10268173757
3LYF_A,33,0.902053905414
3LYF_A,34,2.11591992207
3LYF_A,35,1.74542637276
3LYF_A,36,2.04542316635
3LYF_A,37,2.2638684562
3LYF_A,38,0.636706197512
3LYF_A,39,1.98458455014
3LYF_A,40,1.88224385241
3LYF_A,41,0.676984693579
3LYF_A,42,0.516833178733
3LYF_A,43,1.12412651554
3LYF_A,44,1.94539877534
3LYF_A,45,0.957770925368
3LYF_A,46,0.0964380735472
3LYF_A,47,0.0
3LYF_A,48,1.66127685491
3LYF_A,49,1.59434197039
3LYF_A,50,1.13164834494
3LYF_A,51,2.10580142254
3LYF_A,52,1.94381894691
3LYF_A,53,2.27221380846
3LYF_A,54,0.492885954078
3LYF_A,55,2.1478783039
3LYF_A,56,1.70607622221
3LYF_A,57,1.65259496444
3LYF_A,58,0.395466514341
3LYF_A,59,0.491853560226
3LYF_A,60,1.08167193372
3LYF_A,61,0.53360288321
3LYF_A,62,1.45274480909
3LYF_A,63,0.289212992393
3LYF_A,64,1.87074486893
3LYF_A,65,0.0
3LYF_A,66,1.87509025872
3LYF_A,67,1.88209962496
3LYF_A,68,0.865135114772
3LYF_A,69,1.85064930534
3LYF_A,70,2.02649599242
3LYF_A,71,1.61686953218
3LYF_A,72,1.87652207
3LYF_A,73,0.933812379173
3LYF_A,74,1.45128754422
3LYF_A,75,2.11330278968
3LYF_A,76,1.07489234314
3LYF_A,77,1.39732284376
3LYF_A,78,1.61150251674
3LYF_A,79,0.578167362152
3LYF_A,80,1.437010762
3LYF_A,81,1.81695828219
3LYF_A,82,2.07692168957
3LYF_A,83,1.62411954544
3LYF_A,84,1.89020370264
3LYF_A,85,2.2657170132
3LYF_A,86,1.34320387886
3LYF_A,87,1.58934714182
3LYF_A,88,1.83178836702
3LYF_A,89,2.2183734859
3LYF_A,90,0.562129102896
3LYF_A,91,1.56315094956
3LYF_A,92,0.250782078621
3LYF_A,93,0.766738322138
3LYF_A,94,0.686025772046
3LYF_A,95,0.0
3LYF_A,96,1.44680237225
3LYF_A,97,0.6946805041
3LYF_A,98,1.61947307493
3LYF_A,99,1.75295803231
3LYF_A,100,1.92253660054
3LYF_A,101,1.81029812078
3LYF_A,102,0.118927541324
3LYF_A,103,0.36914598683
3LYF_A,104,0.789138449095
3LYF_A,105,1.96305236837
3LYF_A,106,0.904396492737
3LYF_A,107,0.954881215852
3LYF_A,108,0.391510348201
3LYF_A,109,2.36981912643
3LYF_A,110,0.25772943037
3LYF_A,111,1.52358405315
3LYF_A,112,0.919966234986
3LYF_A,113,2.39133749422
3LYF_A,114,2.29526876576
3LYF_A,115,0.723182953814
3LYF_A,116,0.443412956049
3LYF_A,117,2.1168826049
3LYF_A,118,1.5746733425
3LYF_A,119,0.495953510196
3LYF_A,120,2.37868432293
3LYF_A,121,1.95069193127
3LYF_A,122,0.10594077894
3LYF_A,123,1.48706137529
3LYF_A,124,2.33056830632
3LYF_A,125,1.06797745848
3LYF_A,126,1.2542251464
3LYF_A,127,0.696895395636
3LYF_A,128,0.505571885951
3LYF_A,129,1.41260296722
3LYF_A,130,2.2091331419
3LYF_A,131,1.727497255
3LYF_A,132,1.77922712138
3LYF_A,133,0.758888374657
3LYF_A,134,1.18823045549
3LYF_A,135,1.75555854686
3LYF_A,136,2.20295912236
3LYF_A,137,1.58457028818
3LYF_A,138,0.366266000172
3LYF_A,139,1.04381784001
3LYF_A,140,1.36791400067
3LYF_A,141,2.00473900896
3LYF_A,142,2.09228304272
3LYF_A,143,1.66189748799
3LYF_A,144,1.7497540203
3LYF_A,145,1.03192475377
3LYF_A,146,0.290906418689
3LYF_A,147,1.37120399101
3LYF_A,148,0.127612207631
3LYF_A,149,1.27156761108
3LYF_A,150,0.683561446629
3LYF_A,151,1.87448181202
3LYF_A,152,1.69894388148
3LYF_A,153,1.27868102797
3LYF_A,154,0.628382211081
3LYF_A,155,1.98549186063
3LYF_A,156,0.984140004378
3LYF_A,157,1.05672976991
3LYF_A,158,1.07606782506
3LYF_A,159,1.68415820247
3LYF_A,160,1.50333154293
3LYF_A,161,1.47392722318
3LYF_A,162,1.1759691521
3LYF_A,163,2.00105441497
3LYF_A,164,2.37751637433
3LYF_A,165,1.62539845267
3LYF_A,166,2.25926368241
3LYF_A,167,2.05255870477
3LYF_A,168,0.483746159444
3LYF_A,169,1.81852198657
3LYF_A,170,2.05241114878
3LYF_A,171,0.388473270446
3LYF_A,172,0.769161456451
3LYF_A,173,1.72134765018
3LYF_A,174,1.31954860368
3LYF_A,175,2.35792416823
3LYF_A,176,1.44335726105
3LYF_A,177,1.6099576978
3LYF_A,178,0.926209246721
3LYF_A,179,2.00255483634
3LYF_A,180,1.56467046173
3LYF_A,181,1.69539369949
3LYF_A,182,1.21768065481
3LYF_A,183,1.75668675701
3LYF_A,184,2.11592562195
3LYF_A,185,1.43601989045
3LYF_A,186,1.06465958093
3LYF_A,187,1.4898053485
3LYF_A,188,1.23997413817
3LYF_A,189,0.838068844063
3LYF_A,190,0.908357963868
3LYF_A,191,1.35024120611
3LYF_A,192,1.72257577022
3LYF_A,193,2.36083137263
3LYF_A,194,1.74744705458
3LYF_A,195,2.10522212076
3LYF_A,196,1.72941281818
3LYF_A,197,2.02708057255
3LYF_A,198,1.6679001205
3LYF_A,199,1.8299359263
3LYF_A,200,2.17540815075
3LYF_A,201,2.14504985383
3LYF_A,202,2.2675245
3LYF_A,203,1.89202424384
3LYF_A,204,1.91008826011
3LYF_A,205,1.6528576544
3LYF_A,206,0.355311504283
3LYF_A,207,1.01587009757
3LYF_A,208,2.07099136097
3LYF_A,209,1.95331687837
3LYF_A,210,1.0785225802
3LYF_A,211,1.67650805261
3LYF_A,212,1.16928696614
3LYF_A,213,1.565684854
3LYF_A,214,0.186248865418
3LYF_A,215,1.87416553027
3LYF_A,216,1.80498416264
3LYF_A,217,2.24542313871
3LYF_A,218,0.480308609522
3LYF_A,219,2.24614380896
3LYF_A,220,2.0206444188
3LYF_A,221,0.966812373704
3LYF_A,222,0.105723887714
3LYF_A,223,1.9526287422
3LYF_A,224,1.35294844829
3LYF_A,225,0.821019318949
3LYF_A,226,1.89920981992
3LYF_A,227,1.47139352012
3LYF_A,228,0.0
3LYF_A,229,2.190534066
3LYF_A,230,1.25503414923
3LYF_A,231,0.873775154183
3LYF_A,232,1.97583043677
3LYF_A,233,2.10809526856
3LYF_A,234,1.53181008922
3LYF_A,235,1.84183969672
3LYF_A,236,2.32154016903
3LYF_A,237,1.27778217944
3LYF_A,238,0.229637744552
3LYF_A,239,1.80822121362
3LYF_A,240,1.55493461215
3LYF_A,241,1.05255063066
3LYF_A,242,1.71681612124
3LYF_A,243,0.99706401032
3LYF_A,244,0.798423428732
3LYF_A,245,0.0366779387501
4AQF_B,2,1.28112002685
4AQF_B,3,1.9551525636
4AQF_B,4,1.73811287034
4AQF_B,5,0.797694839401
4AQF_B,6,1.80740670711
4AQF_B,7,1.51199430221
4AQF_B,8,1.71345299416
4AQF_B,9,1.23240752523
4AQF_B,10,1.98653527973
4AQF_B,11,1.44631894655
4AQF_B,12,1.94966374161
4AQF_B,13,1.87975185528
4AQF_B,14,2.14352506315
4AQF_B,15,1.52022606477
4AQF_B,16,2.05009422003
4AQF_B,17,0.860881245837
4AQF_B,18,1.67505981701
4AQF_B,19,1.93378797542
4AQF_B,20,1.81153771126
4AQF_B,21,1.52253812768
4AQF_B,22,1.90131096295
4AQF_B,23,2.0492262028
4AQF_B,24,1.9313048212
4AQF_B,25,1.21017757753
4AQF_B,26,0.378383647003
4AQF_B,27,1.95810283439
4AQF_B,28,0.937340405917
4AQF_B,29,1.85756789352
4AQF_B,30,0.975817555708
4AQF_B,31,0.722703454027
4AQF_B,32,2.13636749918
4AQF_B,33,2.12067222017
4AQF_B,34,1.43400150131
4AQF_B,35,0.0655042397472
4AQF_B,36,1.01148402639
4AQF_B,37,1.91971531126
4AQF_B,38,1.88581335773
4AQF_B,39,2.17390853545
4AQF_B,40,1.8991369523
4AQF_B,41,1.7953629618
4AQF_B,42,1.64716340675
4AQF_B,43,0.479513940834
4AQF_B,44,1.72362832172
4AQF_B,45,1.42528871968
4AQF_B,46,1.44762448639
4AQF_B,47,1.449252872
4AQF_B,48,1.61750706821
4AQF_B,49,2.12975222323
4AQF_B,50,1.01679829748
4AQF_B,51,1.55911833133
4AQF_B,52,1.77924856134
4AQF_B,53,0.628057322039
4AQF_B,54,1.42625480068
4AQF_B,55,2.04564047348
4AQF_B,56,1.15789350634
4AQF_B,57,1.48514992753
4AQF_B,58,0.754592348821
4AQF_B,59,0.463269205033
4AQF_B,60,1.89566433728
4AQF_B,61,2.00514588494
4AQF_B,62,1.09252676444
4AQF_B,63,1.94621595347
4AQF_B,64,2.37276665868
4AQF_B,65,2.02123265239
4AQF_B,66,0.352374046287
4AQF_B,67,1.70350132257
4AQF_B,68,2.2068085387
4AQF_B,69,2.18120582084
4AQF_B,70,1.38741075844
4AQF_B,71,0.399258924558
4AQF_B,72,0.73454645222
4AQF_B,73,1.82262200749
4AQF_B,74,1.92605950229
4AQF_B,75,1.7132908757
4AQF_B,76,1.88799078207
4AQF_B,77,1.29095586358
4AQF_B,78,1.84474294736
4AQF_B,79,1.95623092659
4AQF_B,80,1.98380878993
4AQF_B,81,2.00258073676
4AQF_B,82,0.567911102772
4AQF_B,83,1.74546719314
4AQF_B,84,0.644646759935
4AQF_B,85,0.752417764348
4AQF_B,86,2.14667945806
4AQF_B,87,0.789870652871
4AQF_B,88,1.45951090347
4AQF_B,89,1.7612192434
4AQF_B,90,1.69639649186
4AQF_B,91,2.06853979175
4AQF_B,92,0.899388326643
4AQF_B,93,0.547032104004
4AQF_B,94,1.92421343939
4AQF_B,95,0.441254006369
4AQF_B,96,0.148458410559
4AQF_B,97,1.43101457678
4AQF_B,98,2.02818091518
4AQF_B,99,1.83852629433
4AQF_B,100,1.98828750789
4AQF_B,101,1.65521064245
4AQF_B,102,2.01720335667
4AQF_B,103,1.82988645022
4AQF_B,104,1.53352523892
4AQF_B,105,1.9211292972
4AQF_B,106,2.02136914465
4AQF_B,107,2.56376134574
4AQF_B,108,2.22302031648
4AQF_B,109,1.24301025247
4AQF_B,110,1.80638776054
4AQF_B,111,1.29874381177
4AQF_B,112,1.76739600265
4AQF_B,113,1.0470043678
4AQF_B,114,1.8558491813
4AQF_B,115,1.55386140759
4AQF_B,116,1.68639927526
4AQF_B,117,2.38888439355
4AQF_B,118,0.673055991865
4AQF_B,119,1.22880849965
4AQF_B,120,1.89057248349
4AQF_B,121,1.9860536879
4AQF_B,122,1.30394214633
4AQF_B,123,0.162965140187
4AQF_B,124,2.23057869649
4AQF_B,125,2.16198901451
4AQF_B,126,1.41044623687
4AQF_B,127,1.43155692625
4AQF_B,128,2.032945484
4AQF_B,129,1.29364376278
4AQF_B,130,0.176286910059
4AQF_B,131,2.01658603329
4AQF_B,132,2.04418722731
4AQF_B,133,1.464876288
4AQF_B,134,1.66841427382
4AQF_B,135,1.25866573855
4AQF_B,136,0.579758094697
4AQF_B,137,1.5009944943
4AQF_B,138,0.346330567293
4AQF_B,139,1.45252711673
4AQF_B,140,1.35371874988
4AQF_B,141,1.84240549732
4AQF_B,142,1.31984210522
4AQF_B,143,1.68701429354
4AQF_B,144,2.3893884161
4AQF_B,145,0.758652598626
4AQF_B,146,1.25633247417
4AQF_B,147,2.0585354236
4AQF_B,148,1.66351068457
4AQF_B,149,1.94458024741
4AQF_B,150,1.89158089746
4AQF_B,151,1.66152143164
4AQF_B,152,1.78484846274
4AQF_B,153,2.05450286192
4AQF_B,154,1.3964535609
4AQF_B,155,1.73995941376
4AQF_B,156,2.10873193518
4AQF_B,157,2.34875021727
4AQF_B,158,1.8217339546
4AQF_B,159,1.7599159802
4AQF_B,160,1.11435077269
4AQF_B,161,1.50309158432
4AQF_B,162,2.09806663482
4AQF_B,163,1.75202842746
4AQF_B,164,1.44160130031
4AQF_B,165,2.16585597582
4AQF_B,166,2.44687209809
4AQF_B,167,1.9002876504
4AQF_B,168,1.94634456538
4AQF_B,169,1.13077268731
4AQF_B,170,2.09147247275
4AQF_B,171,1.83732053923
4AQF_B,172,2.21948018391
4AQF_B,173,1.63166610317
4AQF_B,174,1.87733837251
4AQF_B,175,2.06384375254
4AQF_B,176,1.11929037093
4AQF_B,177,1.74994017864
4AQF_B,178,1.8696457441
4AQF_B,179,1.9495191941
4AQF_B,180,1.89502972219
4AQF_B,181,1.93214317901
4AQF_B,182,1.80370762543
4AQF_B,183,0.409779987988
4AQF_B,184,0.187960244676
4AQF_B,185,1.90578918469
4AQF_B,186,2.25443040209
4AQF_B,187,1.80665082899
4AQF_B,188,2.01240270987
4AQF_B,189,1.62858235984
4AQF_B,190,1.43516107504
4AQF_B,191,0.0
4AQF_B,192,0.965836350865
4AQF_B,193,1.01622202596
4AQF_B,194,1.47498482228
4AQF_B,195,1.42820719735
4AQF_B,196,1.96678713926
4AQF_B,197,2.35059513062
4AQF_B,198,2.08544929451
4AQF_B,199,2.03810060857
4AQF_B,200,1.99969941749
4AQF_B,201,1.16653599175
4AQF_B,202,2.012053914
4AQF_B,203,1.00269151277
4AQF_B,204,2.1350135515
4AQF_B,205,1.89181253895
4AQF_B,206,1.32378090199
4AQF_B,207,0.0
4AQF_B,208,1.28445244808
4AQF_B,209,1.62346570334
4AQF_B,210,1.72106458925
4AQF_B,211,1.48175250474
4AQF_B,212,2.23307727945
4AQF_B,213,1.91632777488
4AQF_B,214,1.14353116973
4AQF_B,215,1.74772488738
4AQF_B,216,1.68051582314
4AQF_B,217,2.4977193877
4AQF_B,218,0.0
4AQF_B,219,1.88870287012
4AQF_B,220,2.46047142206
4AQF_B,221,1.65560345618
4AQF_B,222,1.55085032945
4AQF_B,223,1.83625715155
4AQF_B,224,1.28932411354
4AQF_B,225,1.43433232398
4AQF_B,226,1.95730887533
4AQF_B,227,0.0144272148622
4AQF_B,228,2.07680935653
4AQF_B,229,2.44353329467
4AQF_B,230,2.5149983158
4AQF_B,231,2.43304208801
4AQF_B,232,0.117044524064
4AQF_B,233,2.2183731826
4AQF_B,234,0.626856276203
4AQF_B,235,1.83134475675
4AQF_B,236,0.366973484462
4AQF_B,237,2.16063002627
4AQF_B,238,1.55118115095
4AQF_B,239,0.34453960942
4AQF_B,240,1.70545732404
4AQF_B,241,2.04069275843
4AQF_B,242,1.79579034127
4AQF_B,243,0.0
4AQF_B,244,1.49563566376
4AQF_B,245,2.10899506409
4AQF_B,246,1.40081861029
4AQF_B,247,0.8329061878
4AQF_B,248,1.62135917156
4AQF_B,249,1.32010113409
4AQF_B,250,1.87102259717
4AQF_B,251,1.95523626653
4AQF_B,252,1.73941010949
4AQF_B,253,0.99081445714
4AQF_B,254,1.85385268777
4AQF_B,255,1.82011039456
4AQF_B,256,1.75818334716
4AQF_B,257,1.90065235731
4AQF_B,258,2.00590098232
4AQF_B,259,1.27516891992
4AQF_B,260,1.87084548111
4AQF_B,261,1.96155656505
4AQF_B,262,2.03350653218
4AQF_B,263,1.86845126345
4AQF_B,264,1.73267982778
4AQF_B,265,1.84172516933
4AQF_B,266,0.939369594707
4AQF_B,267,1.60064455103
4AQF_B,268,1.87408585128
4AQF_B,269,1.94605736172
4AQF_B,270,2.02304370477
4AQF_B,271,1.51555500547
4AQF_B,272,1.86357680582
4AQF_B,273,0.965879411141
4AQF_B,274,1.77374658697
4AQF_B,275,2.08728113109
4AQF_B,276,2.43220393055
4AQF_B,277,1.92645650471
4AQF_B,278,1.83495778227
4AQF_B,279,2.39482608819
4AQF_B,280,2.12542919531
4AQF_B,281,2.14958300996
4AQF_B,282,1.8132245259
4AQF_B,283,2.10808521884
4AQF_B,284,1.74018345415
4AQF_B,285,1.82077391965
4AQF_B,286,1.84734455173
4AQF_B,287,0.17432194216
4AQF_B,288,1.5230411511
4AQF_B,289,1.61785551038
4AQF_B,290,1.69175907994
4AQF_B,291,1.66945094802
4AQF_B,292,2.01461538082
4AQF_B,293,1.99919929566
4AQF_B,294,0.721771409515
4AQF_B,295,2.12330587358
4AQF_B,296,1.76856525712
4AQF_B,297,2.15415854362
4AQF_B,298,1.52857615582
4AQF_B,299,2.20936090263
4AQF_B,300,2.12950680678
4AQF_B,301,2.3834719921
4AQF_B,302,0.495710469566
4AQF_B,303,2.22713516213
4AQF_B,304,2.03355822785
4AQF_B,305,0.531340507237
4AQF_B,306,1.52873099868
4AQF_B,307,2.22915799932
4AQF_B,308,0.759565074818
4AQF_B,309,0.640924341646
4AQF_B,310,0.198065542818
4AQF_B,311,1.88820920759
4AQF_B,312,1.73224471933
4AQF_B,313,0.193758917706
4AQF_B,314,1.47541575979
4AQF_B,315,1.11923898755
4AQF_B,316,2.1679205582
4AQF_B,317,0.766390863784
4AQF_B,318,0.0704086283162
4AQF_B,319,2.31598875255
4AQF_B,320,1.75865883874
4AQF_B,321,2.01439365449
4AQF_B,322,0.861409002017
4AQF_B,323,2.13002075899
4AQF_B,324,1.52951329155
4AQF_B,325,0.969510904503
4AQF_B,326,2.17556366343
4AQF_B,327,2.24340655658
4AQF_B,328,0.820751580807
4AQF_B,329,1.76907883492
4AQF_B,330,2.03931311347
4AQF_B,331,0.844230377734
4AQF_B,332,1.10637977876
4AQF_B,333,2.02147579202
4AQF_B,334,2.20826854438
4AQF_B,335,0.118614845317
4AQF_B,336,1.71453908668
4AQF_B,337,1.56327745838
4AQF_B,338,1.92123444045
4AQF_B,339,2.22778393038
4AQF_B,340,0.0
4AQF_B,341,2.34899370177
4AQF_B,342,1.2399342777
4AQF_B,343,2.05179714317
4AQF_B,344,2.33360891389
4AQF_B,345,2.10414683573
4AQF_B,346,1.81668890064
4AQF_B,347,2.14299946108
4AQF_B,348,1.32589801202
4AQF_B,349,1.79360902708
4AQF_B,350,2.13265180662
4AQF_B,351,1.76583465336
4AQF_B,352,0.112425881856
4AQF_B,353,2.33850729082
4AQF_B,354,1.65295181889
4AQF_B,355,1.29175249487
4AQF_B,356,0.783850391924
4AQF_B,357,1.4947270061
4AQF_B,358,1.87061790347
4AQF_B,359,1.80342538894
4AQF_B,360,1.90430686194
4AQF_B,361,1.3437842632
4AQF_B,362,0.578370623245
4AQF_B,363,2.35084789152
4AQF_B,364,1.43019974924
4AQF_B,365,1.78248462091
4AQF_B,366,1.19978647299
4AQF_B,367,1.73495594425
4AQF_B,368,0.765155722012
4AQF_B,369,1.63956701346
4AQF_B,370,1.5791724796
4AQF_B,371,1.51690179422
4AQF_B,372,1.11687300878
4AQF_B,373,1.95873633926
4AQF_B,374,1.41572245896
4AQF_B,375,1.79946634165
4AQF_B,376,1.46542524672
4AQF_B,377,0.247150296793
4AQF_B,378,2.08768818794
4AQF_B,379,1.85719202165
4AQF_B,380,1.34124422978
4AQF_B,381,2.38383561144
4AQF_B,382,2.47653010308
4AQF_B,383,1.4183487425
4AQF_B,384,2.04676422262
4AQF_B,385,2.33114197499
4AQF_B,386,1.93226268694
4AQF_B,387,2.1794742863
4AQF_B,388,1.51276924785
4AQF_B,389,1.06445107019
4AQF_B,390,1.51275735174
4AQF_B,391,0.78731611635
4AQF_B,392,1.42623552513
4AQF_B,393,0.0
4AQF_B,394,0.979635671803
4AQF_B,395,1.31501006333
4AQF_B,396,1.54956864406
4AQF_B,397,1.70190178068
4AQF_B,398,1.61768529613
4AQF_B,399,1.60093218164
4AQF_B,400,1.88697402757
4AQF_B,401,1.7318174223
4AQF_B,402,1.92259675501
4AQF_B,403,0.696955319096
4AQF_B,404,1.67532813688
4AQF_B,405,2.10376320025
4AQF_B,406,0.0
4AQF_B,407,1.05159771939
4AQF_B,408,0.370891002313
4AQF_B,409,1.32795960092
4AQF_B,410,2.1761787038
4AQF_B,411,2.12512298017
4AQF_B,412,1.81154876947
4AQF_B,413,2.15011130051
4AQF_B,414,0.71201253886
4AQF_B,415,1.81652427977
4AQF_B,416,1.52047395696
4AQF_B,417,1.6715637103
4AQF_B,418,1.81952871081
4AQF_B,419,1.68926408179
4AQF_B,420,2.25932985458
4AQF_B,421,1.65970987219
4AQF_B,422,1.96226083914
4AQF_B,423,0.398453259819
4AQF_B,424,0.673421516759
4AQF_B,425,1.73562010743
4AQF_B,426,1.34756619757
4AQF_B,427,2.21805162175
4AQF_B,428,1.8842098645
4AQF_B,429,2.29460786174
4AQF_B,430,1.01153295165
4AQF_B,431,1.52164960838
4AQF_B,432,1.81592104718
4AQF_B,433,1.45357164213
4AQF_B,434,1.12567619323
4AQF_B,435,1.76924048262
4AQF_B,436,0.962972360923
4AQF_B,437,1.47170931517
4AQF_B,438,2.03786949214
4AQF_B,439,2.17299055526
4AQF_B,440,1.31185022553
4AQF_B,441,1.56395395279
4AQF_B,442,1.1092787664
4AQF_B,443,2.16844967796
4AQF_B,444,1.97113260802
4AQF_B,445,1.86266358535
4AQF_B,446,1.66296840186
4AQF_B,447,2.11019160698
4AQF_B,448,1.44950155269
4AQF_B,449,1.01614921429
4AQF_B,450,2.21914322823
4AQF_B,451,0.254730333446
4AQF_B,452,1.54991855346
4AQF_B,453,1.38004713642
4AQF_B,454,1.67796589368
4AQF_B,455,2.13640107857
4AQF_B,456,1.94231043258
4AQF_B,457,1.92245890746
4AQF_B,458,2.0080850095
4AQF_B,459,2.06846978921
4AQF_B,460,2.16724324786
4AQF_B,461,0.0
4AQF_B,462,1.61096970519
4AQF_B,463,1.80586904992
4AQF_B,464,0.167939560403
4AQF_B,465,1.82741811844
4AQF_B,466,1.35300962555
4AQF_B,467,0.767564300726
4AQF_B,468,2.08955482443
4AQF_B,469,2.07234649719
4AQF_B,470,2.16966457661
4AQF_B,471,2.11949949382
4AQF_B,472,1.34692017171
4AQF_B,473,1.87177487671
4AQF_B,474,0.0
4AQF_B,475,1.86466249967
4GHA_A,208,1.41419003234
4GHA_A,209,1.59770807145
4GHA_A,210,1.41543848492
4GHA_A,211,1.78161512704
4GHA_A,212,1.52111528926
4GHA_A,213,0.847583289161
4GHA_A,214,1.15180606786
4GHA_A,215,1.92369057566
4GHA_A,216,2.13528677263
4GHA_A,217,1.26002534016
4GHA_A,218,2.24728341728
4GHA_A,219,1.59919974749
4GHA_A,220,1.59233462231
4GHA_A,221,0.824506988259
4GHA_A,222,1.23531473704
4GHA_A,223,0.0
4GHA_A,224,2.07273841526
4GHA_A,225,0.817666361208
4GHA_A,226,1.26684600125
4GHA_A,227,0.5222194204
4GHA_A,228,2.38732083635
4GHA_A,229,1.22744148533
4GHA_A,230,2.35187356606
4GHA_A,231,0.711135483957
4GHA_A,232,0.211924091463
4GHA_A,233,1.77760167754
4GHA_A,234,1.74765394616
4GHA_A,235,0.939924885472
4GHA_A,236,0.178833464281
4GHA_A,237,2.03403530997
4GHA_A,238,2.43072302771
4GHA_A,239,0.351600582727
4GHA_A,240,1.06248520572
4GHA_A,241,2.15526435032
4GHA_A,242,2.24882843874
4GHA_A,243,0.13474216818
4GHA_A,244,2.15833109641
4GHA_A,245,1.66820364473
4GHA_A,246,1.61098488486
4GHA_A,247,1.79258948678
4GHA_A,248,0.995297076289
4GHA_A,249,2.19066675559
4GHA_A,250,1.77334832782
4GHA_A,251,2.19989319335
4GHA_A,252,0.920189654481
4GHA_A,253,2.19723281791
4GHA_A,254,2.15872633231
4GHA_A,255,1.81139191099
4GHA_A,256,1.31004173475
4GHA_A,257,1.56530939909
4GHA_A,258,2.01758748259
4GHA_A,259,0.0144272148622
4GHA_A,260,2.18946003759
4GHA_A,261,1.69303851666
4GHA_A,262,1.31071935639
4GHA_A,263,2.05451036718
4GHA_A,264,2.2573904915
4GHA_A,265,0.581370291257
4GHA_A,266,0.38600957379
4GHA_A,267,2.18315570789
4GHA_A,268,2.31541202002
4GHA_A,269,0.874661521652
4GHA_A,270,0.954421330654
4GHA_A,271,1.66192094775
4GHA_A,272,2.08230094487
4GHA_A,273,1.83472432213
4GHA_A,274,1.7972838755
4GHA_A,275,1.78826513504
4GHA_A,276,1.20401030391
4GHA_A,277,2.008158287
4GHA_A,278,0.313753747277
4GHA_A,279,1.67205928914
4GHA_A,280,1.93610751625
4GHA_A,281,0.0144272148622
4GHA_A,282,1.87779126416
4GHA_A,283,1.55470095843
4GHA_A,284,1.94704679805
4GHA_A,285,2.37100205117
4GHA_A,286,1.38282376898
4GHA_A,287,2.02973439939
4GHA_A,288,1.71141343666
4GHA_A,289,2.30971727588
4GHA_A,290,2.07167359613
4GHA_A,291,2.19417908945
4GHA_A,292,0.982218163323
4GHA_A,293,1.752881788
4GHA_A,294,1.40641041761
4GHA_A,295,1.78029039958
4GHA_A,296,1.90513256649
4GHA_A,297,1.56149353144
4GHA_A,298,1.4003114298
4GHA_A,299,1.19377907559
4GHA_A,300,0.168510317631
4GHA_A,301,1.20090317018
4GHA_A,302,1.72501219126
4GHA_A,303,1.13654485949
4GHA_A,304,0.889274337857
4GHA_A,305,1.10765595226
4GHA_A,306,1.85338560045
4GHA_A,307,0.995079329164
4GHA_A,308,1.6251747621
4GHA_A,309,1.95304073909
4GHA_A,310,2.27466061931
4GHA_A,311,1.55723235937
4GHA_A,312,0.0
4GHA_A,313,1.66868576439
4GHA_A,314,0.870432958638
4GHA_A,315,1.616504388
4GHA_A,316,0.910342082348
4GHA_A,317,0.929960108539
4GHA_A,318,2.2306854848
4GHA_A,319,1.6186530287
4GHA_A,320,2.06467367707
4GHA_A,321,1.84083574494
4GHA_A,322,0.0366779387501
4GHA_A,323,1.84595785378
4GHA_A,324,2.25542781461
4GHA_A,325,1.44416650966
4GHA_A,326,1.15484790357
4GHA_A,327,0.0870431092049
4GHA_A,328,1.89312794592
4GHA_A,329,2.11079009316
4IRY_A,21,0.395919446249
4IRY_A,22,2.36277992085
4IRY_A,23,1.35494690924
4IRY_A,24,1.20029317751
4IRY_A,25,1.96439714349
4IRY_A,26,1.78747581252
4IRY_A,27,1.99432456519
4IRY_A,28,1.96103297422
4IRY_A,29,2.40747295235
4IRY_A,30,0.614624688785
4IRY_A,31,1.9739254228
4IRY_A,32,2.5838365398
4IRY_A,33,2.40754098106
4IRY_A,34,2.00132170736
4IRY_A,35,1.77208946393
4IRY_A,36,0.905041072391
4IRY_A,37,0.669634309549
4IRY_A,38,1.74384229473
4IRY_A,39,1.74307840715
4IRY_A,40,1.78507340941
4IRY_A,41,2.31225436003
4IRY_A,42,2.20966375052
4IRY_A,43,2.19978330694
4IRY_A,44,2.06725121078
4IRY_A,45,1.88102461378
4IRY_A,46,2.31354055216
4IRY_A,47,2.22837511227
4IRY_A,48,0.908353693652
4IRY_A,49,0.606266512535
4IRY_A,50,1.66385146141
4IRY_A,51,1.79704347482
4IRY_A,52,1.97583758568
4IRY_A,53,1.3374398384
4IRY_A,54,1.03292698697
4IRY_A,55,1.63431140526
4IRY_A,56,1.33040786274
4IRY_A,57,2.22284508348
4IRY_A,58,0.575152170787
4IRY_A,59,0.0
4IRY_A,60,0.912012497768
4IRY_A,61,1.79572043093
4IRY_A,62,1.26136037406
4IRY_A,63,2.16108147978
4IRY_A,64,2.08662685416
4IRY_A,65,2.40304006283
4IRY_A,66,2.32633440149
4IRY_A,67,2.23990389088
4IRY_A,68,0.771941719949
4IRY_A,69,2.0809518478
4IRY_A,70,0.227160069665
4IRY_A,71,2.1799764819
4IRY_A,72,0.0665507360347
4IRY_A,73,1.29185285206
4IRY_A,74,0.629222792447
4IRY_A,75,1.49651716906
4IRY_A,76,1.59790535978
4IRY_A,77,1.99947390206
4IRY_A,78,1.28058469043
4IRY_A,79,1.95046214658
4IRY_A,80,1.42232672988
4IRY_A,90,1.94835071243
4IRY_A,91,2.02658486167
4IRY_A,92,2.09898747812
4IRY_A,93,0.20275628002
4IRY_A,94,0.409374572935
4IRY_A,95,2.28945357759
4IRY_A,96,1.76437411161
4IRY_A,97,0.986982162019
4IRY_A,98,1.96513738339
4IRY_A,99,2.10935007723
4IRY_A,100,2.14580086335
4IRY_A,101,1.48694708331
4IRY_A,102,0.106987275227
4IRY_A,103,1.79869802335
4IRY_A,104,0.881819116901
4IRY_A,105,1.83903790619
4IRY_A,106,1.99581242193
4IRY_A,107,2.22524707864
4IRY_A,108,2.51136421013
4IRY_A,109,2.4520796998
4IRY_A,110,2.26779966451
4IRY_A,111,2.49137671369
4IRY_A,112,1.71615538268
4IRY_A,113,2.1372433467
4IRY_A,114,1.19067103329
4IRY_A,115,2.1573111186
4IRY_A,116,2.02394636342
4IRY_A,117,1.53477121754
4IRY_A,118,1.93150277599
4IRY_A,119,2.43610674835
4IRY_A,120,1.69865568789
4IRY_A,121,1.54517467061
4IRY_A,122,2.00282343675
4IRY_A,123,0.64427897655
4IRY_A,124,1.94989271547
4IRY_A,125,0.931256088255
4IRY_A,126,0.196630947218
4IRY_A,127,2.23306625102
4IRY_A,128,2.23625602866
4IRY_A,129,1.76232993561
4IRY_A,130,1.72401463813
4IRY_A,131,2.33043460054
4IRY_A,132,0.930271168823
4IRY_A,133,1.64403687215
4IRY_A,134,2.34269616881
4IRY_A,135,1.72240049944
4IRY_A,136,0.972523284646
4IRY_A,137,2.11636824332
4IRY_A,138,2.21427315188
4IRY_A,139,1.72909140513
4IRY_A,140,2.2641359246
4IRY_A,141,1.93731010819
4IRY_A,142,1.19293184035
4IRY_A,143,2.24193242792
4IRY_A,144,2.10801550118
4IRY_A,145,0.753650078695
4IRY_A,146,1.16666048244
4IRY_A,147,1.75314686394
4IRY_A,148,0.711839578362
4IRY_A,149,1.79732404745
4IRY_A,150,2.21400317497
4IRY_A,151,2.11585817259
4IRY_A,152,2.24376753588
4IRY_A,153,1.51571087064
4IRY_A,154,0.438301830158
4IRY_A,155,1.96342773984
4IRY_A,156,2.24288691867
4IRY_A,157,2.26455272404
4IRY_A,158,0.511162756526
4IRY_A,159,1.18002051399
4IRY_A,160,1.68968891671
4IRY_A,161,1.74246046842
4IRY_A,162,0.828089809401
4IRY_A,163,1.39515548474
4IRY_A,164,1.9851304469
4IRY_A,165,2.27947456011
4IRY_A,166,1.37532538058
4IRY_A,167,1.40549638309
4IRY_A,168,2.03726287378
4IRY_A,169,0.0288504217056
4IRY_A,170,1.40406975867
4IRY_A,171,1.74838292817
4IRY_A,172,1.90198425123
4IRY_A,173,1.11420023198
4IRY_A,174,1.78589989326
4IRY_A,175,1.35269064043
4IRY_A,176,1.23235000189
4IRY_A,177,1.69322399931
4IRY_A,178,1.87269462244
4IRY_A,179,2.3829179625
4IRY_A,180,2.22357587544
4IRY_A,181,2.09656638819
4IRY_A,182,1.91303521618
4IRY_A,183,1.54448139111
4IRY_A,184,1.89206520085
4IRY_A,185,0.169370401296
4IRY_A,186,1.17406409311
4IRY_A,187,0.641159106346
4IRY_A,188,0.349878767894
4IRY_A,189,2.19622432904
4IRY_A,190,1.1897449257
4IRY_A,191,1.50706602164
4IRY_A,192,1.3566097401
4IRY_A,193,0.787840136038
4IRY_A,194,1.69480566437
4IRY_A,195,1.85744380995
4IRY_A,196,2.26544565488
4IRY_A,197,1.30237146964
4IRY_A,198,2.08812485809
4IRY_A,199,1.69367340835
4IRY_A,200,2.16193402804
4IRY_A,201,1.90832579083
4IRY_A,213,1.64113010266
4IRY_A,214,1.29354386808
4IRY_A,215,1.76141185429
4IRY_A,216,1.93988239818
4IRY_A,217,1.40089105804
4IRY_A,218,2.20152223735
4IRY_A,219,2.41675183868
4IRY_A,220,2.00046484368
4IRY_A,221,2.08622913733
4IRY_A,222,2.43041122353
4IRY_A,223,1.24539456069
4IRY_A,224,2.15481937946
4IRY_A,225,2.48132784462
4IRY_A,226,0.383878792855
4IRY_A,227,1.21849043886
4IRY_A,228,1.57146815663
4IRY_A,229,1.26913318578
4IRY_A,230,0.286106582569
4IRY_A,231,1.44527852384
4IRY_A,232,1.55272208176
4IRY_A,233,1.6809088054
4IRY_A,234,0.717692950587
4IRY_A,235,0.825330033313
4IRY_A,236,0.964740393341
4IRY_A,237,2.23440155908
4IRY_A,238,2.09856811238
4IRY_A,239,0.994758280458
4IRY_A,240,1.72266606085
4IRY_A,241,2.23773534822
4IRY_A,242,1.74044394982
4IRY_A,243,1.51755679938
4IRY_A,244,1.89169002127
4IRY_A,245,2.12195165649
4IRY_A,246,1.28474664317
4IRY_A,247,2.0535836838
4IRY_A,248,1.1919612428
4IRY_A,249,1.65410612388
4IRY_A,250,2.20388595766
4IRY_A,251,1.85504021676
4IRY_A,252,2.1815541918
4IRY_A,253,2.10023819626
4IRY_A,254,2.02397043968
4IRY_A,255,2.18093771559
4IRY_A,256,1.25358855318
4IRY_A,257,1.53624145291
4IRY_A,258,1.99786458523
4IRY_A,259,0.377479661375
4IRY_A,260,1.24545985377
4IRY_A,261,1.37330564427
4IRY_A,262,1.20419944578
4IRY_A,263,0.993918558336
4IRY_A,264,0.888399303981
4IRY_A,265,1.5350125013
4IRY_A,266,0.51647025984
4IRY_A,267,1.6912191312
4IRY_A,268,0.0
4IRY_A,269,2.01757276425
4IRY_A,270,1.24803928376
4IRY_A,271,2.40375522682
4IRY_A,272,2.10978450125
4IRY_A,273,2.50039401248
4IRY_A,274,2.18447228707
4IRY_A,275,1.34496632796
4IRY_A,276,1.61150523021
4IRY_A,277,0.814527402217
4IRY_A,278,1.50897092815
4IRY_A,279,0.943110757234
4IRY_A,280,1.76044114358
4IRY_A,281,1.52787790009
4IRY_A,282,0.822736907073
4IRY_A,283,2.24402963896
4IRY_A,284,2.2806341915
4IRY_A,285,2.44372036569
4IRY_A,286,2.25008785566
4IRY_A,287,2.25800131908
4IRY_A,288,0.0
4IRY_A,289,2.62501010862
4IRY_A,290,1.92858485462
4IRY_A,291,2.02725417967
4IRY_A,292,2.09935043231
4IRY_A,293,2.1619295904
4IRY_A,294,2.34131944988
4IRY_A,295,0.184208192596
4IRY_A,296,2.35367486171
4IRY_A,297,1.89489006956
4IRY_A,298,2.52847562016
4IRY_A,299,2.33185477563
4IRY_A,300,0.720425569596
4IRY_A,301,2.38392302413
4IRY_A,302,2.02332146655
4IRY_A,303,1.81885492677
4IRY_A,304,1.85067505875
4IRY_A,305,2.00435290943
4IRY_A,306,2.40808659686
4IRY_A,307,1.57062501972
4IRY_A,308,2.17580498455
4IRY_A,309,1.74501479881
4IRY_A,310,1.56269004488
4IRY_A,311,2.09426878427
4IRY_A,312,2.04147908973
4IRY_A,313,0.780353965842
4IRY_A,314,0.965004791499
4IRY_A,315,0.518762848331
4IRY_A,316,1.99239885261
4IRY_A,317,1.50855473512
4IRY_A,318,0.838724913201
4IRY_A,319,0.531924207704
4IRY_A,320,2.30981832679
4IRY_A,321,0.405898429459
4IRY_A,322,1.93656703062
4IRY_A,323,1.91608890642
4IRY_A,324,0.459995317396
4IRY_A,325,2.32886618651
4IRY_A,326,0.662234331367
4IRY_A,327,2.09517159519
4IRY_A,328,1.89399006809
4IRY_A,329,1.86165548325
4IRY_A,330,1.44476038152
4IRY_A,331,1.8924857142
4IRY_A,332,0.393645842657
4IRY_A,333,2.3890626128
4IRY_A,334,2.33077056142
4IRY_A,335,1.37516638924
4IRY_A,336,2.26694481358
4IRY_A,337,2.10428275693
4IRY_A,338,2.09126604469
4IRY_A,339,2.06689434619
4IRY_A,340,2.04647041269
4IRY_A,341,0.581243531485
4IRY_A,342,2.20449937162
4IRY_A,343,1.98595127029
4IRY_A,344,1.63194035887
4IRY_A,345,0.529624514455
4IRY_A,346,1.96947963958
4IRY_A,347,2.21507040198
4IRY_A,348,2.52104595431
4IRY_A,349,0.0
4IRY_A,350,1.94483661446
4IRY_A,351,2.33753589683
4IRY_A,352,2.00664532286
4IRY_A,353,2.31278811118
4IRY_A,354,1.13878289523
4IRY_A,355,2.06085128944
4IRY_A,356,0.105426262575
4IRY_A,357,2.20243215984
4IRY_A,358,1.78667598506
4IRY_A,359,1.51899980815
4IRY_A,360,1.64166822632
4IRY_A,361,1.8507988453
4IRY_A,362,0.290310809185
4IRY_A,363,1.61507045585
4IRY_A,364,1.90391847579
4IRY_A,365,1.97422305065
4IRY_A,366,2.20991523866
4IRY_A,367,2.1089990206
4IRY_A,368,1.50050886325
4IRY_A,369,2.11973270772
4IRY_A,370,1.6784129471
4IRY_A,371,2.18887263525
4IRY_A,372,1.8606881803
4IRY_A,373,2.27991184732
4IRY_A,374,1.61267416943
4IRY_A,375,1.58131816486
4IRY_A,376,1.88878483497
4IRY_A,377,1.41320790688
4IRY_A,378,2.25365640154
4IRY_A,379,1.46517244927
4IRY_A,380,0.427155178038
4IRY_A,381,1.00837248044
4IRY_A,382,0.446680825932
4IRY_A,383,1.51535190483
4IRY_A,384,1.3328251398
4IRY_A,385,0.934855660948
4IRY_A,386,2.28160063699
4IRY_A,387,2.12926875634
4IRY_A,388,2.18138242077
4IRY_A,389,2.38985440372
4IRY_A,390,0.940317326565
4IRY_A,391,2.22414563089
4IRY_A,392,1.47514825104
4IRY_A,438,1.14459856235
4IRY_A,439,1.55655366944
4IRY_A,440,2.21893917404
4IRY_A,441,2.25191611285
4IRY_A,442,2.12086301121
4IRY_A,443,2.21389999656
4IRY_A,444,0.921837083505
4IRY_A,445,1.83617575584
4IRY_A,446,1.33006895289
4IRY_A,447,2.12303334765
4IRY_A,448,1.70164088604
4IRY_A,449,1.90969837574
4IRY_A,450,0.188526436268
4IRY_A,460,2.28674514836
4IRY_A,461,2.27439353364
4IRY_A,462,1.89482794616
4IRY_A,463,2.46130943682
4IRY_A,464,1.69391734718
4IRY_A,465,1.38634553358
4IRY_A,466,1.72652769056
4IRY_A,467,1.5414134402
4IRY_A,468,0.401452714861
4IRY_A,469,1.90189580912
4IRY_A,470,1.40270456866
4IRY_A,471,1.92417953208
4IRY_A,472,1.56919562915
4IRY_A,473,1.77607831611
4IRY_A,474,2.54919704511
4IRY_A,475,2.07719298527
4IRY_A,476,1.58545949496
4IRY_A,477,2.10758687986
4IRY_A,478,1.28471598892
4IRY_A,479,1.6835602342
4IRY_A,480,1.39730072868
4IRY_A,481,1.5387156477
4IRY_A,482,1.83268025581
4IRY_A,483,2.33790227047
4IRY_A,484,2.41025483728
4IRY_A,485,2.02120711061
4IRY_A,486,1.32006709999
4IRY_A,487,1.8506301654
4IRY_A,488,2.2702558474
4IRY_A,489,2.22539899058
4IRY_A,490,0.250779412958
4IRY_A,491,1.69884573127
4IRY_A,492,0.717878898697
4IRY_A,493,2.00737780266
4IRY_A,494,1.08158711518
4IRY_A,495,2.06578741479
4IRY_A,496,1.51913447485
4IRY_A,497,1.75818475542
4IRY_A,498,2.28693414821
