"","pdb_id","wcn_entropy_rho","wcn_entropy_p_value","rsa_entropy_rho","rsa_entropy_p_value","rate_wcn_rho","rate_wcn_p_value","rate_rsa_rho","rate_rsa_p_value","mean_entropy","var_entropy","sd_entropy","var_rate","sd_rate","mean_rsa","mean_wcn","dataset"
"1","132L",-0.624165262684606,9.56090076949008e-15,0.516812049662986,8.00424615476913e-10,-0.677626660136732,5.48488234263333e-18,0.60294238095661,1.26343380202343e-13,1.36905725798387,0.509940630903523,0.714101274962818,0.658646447296427,0.811570358808419,0.289889532016129,0.693040282258064,"enzyme"
"2","13PK",-0.58193904568739,5.56500767845149e-39,0.421893194747429,0,-0.657379057981533,1.05731541489671e-52,0.543155293799432,0,0.940279574421687,0.434987474749088,0.659535802477081,0.90916261273537,0.953500190212551,0.20948889686747,1.1623432313253,"enzyme"
"3","1A26",-0.543739657309655,2.14150621705757e-28,0.494752561021877,0,-0.662015855167695,1.26188890935594e-45,0.590429881881761,0,1.79000480273504,0.37755441634671,0.614454568171407,0.397141866370696,0.630191928201795,0.251799211225071,0.975001128205128,"enzyme"
"4","1A2T",-0.522329971459441,9.60864299376869e-11,0.403483472142407,1.33796198120706e-06,-0.590680752255949,5.81040867104169e-14,0.445007167459644,7.15454455679776e-08,1.62183304964925,0.556496112018993,0.745986670134925,0.780752918857889,0.883602240183834,0.271478802238806,0.704406276119403,"enzyme"
"5","1A4L",-0.60140269179888,1.32369480968678e-35,0.472137643191519,0,-0.735196547226609,2.1764129895651e-60,0.668751310724045,0,1.39085406070977,0.39130779563309,0.625545998015406,0.818779698590775,0.9048644642104,0.200534159310345,1.10322557758621,"enzyme"
"6","1A65",-0.526560850093435,2.69932888354897e-37,0.462528251305201,0,-0.649533455192835,1.00352686292325e-61,0.621015620997337,0,1.40620916256746,0.458379377355957,0.677037205296693,0.53718374957096,0.732928202193748,0.208572095,1.23968046825397,"enzyme"
"7","1A8H",-0.303298730874728,4.24230011182252e-12,0.268667129905174,1.0270659878131e-09,-0.330831400176687,3.10233434286987e-14,0.319086474591611,2.69118061169138e-13,1.034436102804,0.487394210532663,0.698136240667008,0.588084502870248,0.766866678680361,0.21837260274,1.100576228,"enzyme"
"8","1A8S",-0.45730399610358,1.63115824032783e-15,0.424482009096656,2.28261853862932e-13,-0.603857662437847,1.62257832077043e-28,0.631766034479648,0,0.924781765857143,0.346929987425986,0.589007629344464,0.624220397612904,0.790076197346119,0.210345423553114,1.03185478388278,"enzyme"
"9","1AF7",-0.640541429187523,4.80797477515588e-33,0.490937679472334,0,-0.674343492365738,1.07567828117067e-37,0.560709508490414,0,1.49400138982847,0.587909142270513,0.766752334375653,0.805120619703618,0.897285138461358,0.268686675145985,0.862619733576642,"enzyme"
"10","1AGM",-0.339688584583392,3.70518552530448e-14,0.333296453508502,1.17461596005342e-13,-0.613522104760683,6.07769265856356e-50,0.57057896890717,0,1.67568891407234,0.36880652100649,0.607294426951615,0.43907142170311,0.662624646163354,0.198664571851064,1.24596492553191,"enzyme"
"11","1AGY",-0.504150221728639,4.2666756556472e-14,0.42216651293083,6.45178799274504e-10,-0.667099837346624,9.9160848143869e-27,0.616314791528365,0,1.67202321225888,0.486704167873973,0.69764186218573,0.38248248754122,0.618451685696806,0.235059869847716,0.913722390862944,"enzyme"
"12","1AH7",-0.527939868758614,5.5108466718649e-19,0.391476485663006,2.13158823925141e-10,-0.631360979325807,1.18214182263729e-28,0.511932697555186,0,1.84062434128163,0.324436301278747,0.569593101502069,0.359942108070492,0.599951754785743,0.226042328857143,0.915321,"enzyme"
"13","1AJ0",-0.56981307584674,1.12154058343186e-25,0.412632475373344,5.08926234488172e-13,-0.618154015676124,4.08839053683727e-31,0.486382760657219,0,1.17041084467376,0.56230048929297,0.749866981065956,0.74492775282976,0.863091972404888,0.240277032163121,0.977475762411347,"enzyme"
"14","1AK0",-0.621647948659431,1.27337487564973e-29,0.520266189724083,0,-0.717049262862016,5.83370916153968e-43,0.652126883252589,0,1.89340763219318,0.484900238879002,0.696347785864938,0.448119976078529,0.669417639503568,0.235126288371212,0.95457603030303,"enzyme"
"15","1AKO",-0.463992562285621,1.03097651372947e-15,0.421730195569088,5.55777646127353e-13,-0.529505399731844,9.04083100860296e-21,0.522656291147732,0,1.19773346972761,0.45136147565327,0.671834410888032,0.729423196399815,0.854062759052176,0.230114915037313,0.948387343283582,"enzyme"
"16","1AMY",-0.491633354074802,6.49956650229325e-26,0.40408197035836,0,-0.543873200771054,2.11525510907988e-32,0.504281885630327,0,1.39470892911911,0.392393478928655,0.62641318546839,0.51240092238603,0.715821851011849,0.201585931414392,1.11254309925558,"enzyme"
"17","1AQ2",-0.632912799647271,4.10206158287709e-61,0.494725652376309,0,-0.722000042163427,3.80379750723766e-87,0.648113120192992,0,1.07123829270787,0.521299829960139,0.722010962493049,0.805989172619024,0.897768997359022,0.210949312865169,1.23519344382022,"enzyme"
"18","1AQL",-0.506159927172151,5.87741340538767e-36,0.446257148153748,0,-0.545944159766537,1.1772278378244e-42,0.506345224903826,0,1.53237407108083,0.581102319321938,0.762300675141993,0.444345181575889,0.666592215358002,0.214367410676692,1.23458571992481,"enzyme"
"19","1AST",-0.613079130353043,4.94894803218682e-22,0.56811613355171,0,-0.648380812914102,3.07727298508e-25,0.6230359163315,0,1.43442440713,0.690852219800096,0.831175204033479,0.997178923968279,0.998588465769698,0.2398826933,0.826576095,"enzyme"
"20","1B04",-0.46448940935214,5.38699270986249e-18,0.431409507988079,1.77635683940025e-15,-0.51215690930745,3.95471082559628e-22,0.493101407686697,0,1.10183257529032,0.605486385734242,0.778130057081875,0.93232330687901,0.96556890322701,0.263015001129032,0.923361261290323,"enzyme"
"21","1B2R",-0.469837804437863,1.32430670792661e-17,0.356631645968938,2.82721401845265e-10,-0.644115673069661,5.72743389625359e-36,0.545752944352792,0,1.42347217204746,0.364884789462528,0.60405694223519,0.54548099022589,0.738566848853839,0.246972387559322,0.946614972881356,"enzyme"
"22","1BF2",-0.44574041726391,6.85454253356775e-38,0.345146372810797,0,-0.539356104701405,7.85273153304502e-58,0.413329137690056,0,1.00234104395067,0.571044381000942,0.755674785209181,0.548079206153915,0.7403237171359,0.186152413813333,1.40850490666667,"enzyme"
"23","1BG0",-0.603819062715985,9.6335777410925e-37,0.511159189172296,0,-0.701208466805116,5.81169669188667e-54,0.591239458453529,0,1.14564234965449,0.440431043103167,0.663649789499829,0.647182396154524,0.804476473338111,0.224149859634831,1.0455098511236,"enzyme"
"24","1BH2",-0.618674912632538,1.16512483974764e-34,0.539759835647843,0,-0.590284547939082,5.81456751525792e-31,0.520434563507488,0,1.11245256236508,0.623185115639528,0.789420746902137,0.657897067596779,0.811108542426215,0.237298413777778,0.951424041269841,"enzyme"
"25","1BOL",-0.496587013462473,3.17217184906569e-15,0.414185597561021,1.29826815964407e-10,-0.581388646130603,1.80084257738142e-21,0.494020231434671,4.66293670342566e-15,1.44764053437838,0.519219759825865,0.720569052781109,0.418885025008112,0.647213276291604,0.258623460720721,0.852078324324324,"enzyme"
"26","1BP2",-0.692232779874268,7.49772204814357e-19,0.583494029326916,1.41531231179215e-12,-0.692206259172431,7.53004703108139e-19,0.644429429497586,8.88178419700125e-16,1.27728749141463,0.64846125709807,0.805270921552536,0.9562899396823,0.977900782125825,0.299110616341463,0.668035154471545,"enzyme"
"27","1BQC",-0.52747226155281,4.98034745710925e-23,0.367479197130431,4.3485659517728e-11,-0.680027080433341,2.47321133783049e-42,0.546317157688672,0,1.66588922435099,0.333827364480956,0.577777954305074,0.3856129232576,0.620977393515739,0.201053870099338,1.07852223178808,"enzyme"
"28","1BS4",-0.544133525289152,2.47713499430638e-14,0.477108050221349,6.21804829847861e-11,-0.593146337750286,2.42116027193878e-17,0.583868390126628,0,1.05059298264286,0.510497531516215,0.714491099675997,0.680128747140589,0.824699185849355,0.278603828988095,0.739613702380952,"enzyme"
"29","1BS9",-0.44325946398901,2.2537089382133e-11,0.350937416688854,2.16744987291406e-07,-0.605954801938538,3.89657591683512e-22,0.534967516076934,0,1.71766241284058,0.448413393651258,0.669636762469966,0.573076667608194,0.757018274289461,0.246983816425121,0.946557140096618,"enzyme"
"30","1BT1",-0.540597854037122,6.8255363051835e-27,0.461549268257813,0,-0.612139135725203,6.24981505868359e-36,0.562551643748748,0,1.57997721311012,0.450802425912751,0.671418219824835,0.405245360099072,0.636588846979801,0.215973449732143,1.06467039880952,"enzyme"
"31","1BU7",-0.319004608693696,3.19703064739564e-12,0.30826613721461,1.79443127024115e-11,-0.468426303850809,3.40267234208617e-26,0.476510426314469,0,1.70126289853187,0.365997191684894,0.604977017484875,0.344631592642947,0.58705331328845,0.225577648835165,1.11760308131868,"enzyme"
"32","1BVV",-0.424310043162461,1.75552336781033e-09,0.40816617747989,8.06028799260616e-09,-0.527969426073978,1.13865913488295e-14,0.48143365692421,4.00079969153921e-12,1.11975279563243,0.384886712618466,0.620392386009424,0.529646885009918,0.727768428148623,0.234567837891892,0.846750756756757,"enzyme"
"33","1BVZ",-0.491957351181928,5.55380249314813e-37,0.438344860436128,0,-0.558232728101853,3.13846767469546e-49,0.522046477929518,0,1.57627809201538,0.529249034790855,0.72749504107647,0.680927539039003,0.825183336622234,0.205195598,1.18989708717949,"enzyme"
"34","1BWL",-0.467657635035831,4.49233087473281e-23,0.45406420570322,0,-0.625883807893439,8.85445332197233e-45,0.633324955065766,0,1.2557635752782,0.474985750521051,0.689192099868426,0.88476257172334,0.940618185941214,0.202716529298246,1.13472262656642,"enzyme"
"35","1BWZ",-0.608455783783165,3.86547822844039e-29,0.495750128548617,0,-0.673125851156118,1.62149869569593e-37,0.621669014473667,0,1.13977003059124,0.595485540117935,0.771677095758281,0.75046946173088,0.8662964052395,0.241702156788321,0.948935952554744,"enzyme"
"36","1BYA",-0.516388306082398,8.1152715073115e-35,0.438168345569813,0,-0.609094577259636,3.48029072680197e-51,0.533593707880181,0,1.33742403541141,0.457685882043869,0.676524856929787,0.474976704408453,0.689185536998894,0.205206358411405,1.20302989816701,"enzyme"
"37","1BZC",-0.652404286558971,2.14202549456162e-37,0.558700277493179,0,-0.703003286271305,1.42354558403549e-45,0.612137194616882,0,1.52096558027946,0.691081463457701,0.831313095925778,0.604306883800234,0.77737177965259,0.228453707609428,0.981200562289562,"enzyme"
"38","1C82",-0.436570397318782,8.11265705988213e-35,0.383495504706874,0,-0.647987519123457,7.59760640165895e-87,0.566885873234535,0,2.01919151338943,0.270369201525862,0.519970385239258,0.292800873790083,0.541110777743415,0.197911566258693,1.33857773157163,"enzyme"
"39","1CA2",-0.687818543491787,3.30997846141833e-37,0.585081051239223,0,-0.734067589614301,1.37802056545128e-44,0.662579862232692,0,1.56895776706641,0.648278600509243,0.805157500436556,0.574284592250368,0.757815671684327,0.234700718046875,0.92706165234375,"enzyme"
"40","1CB8",-0.524754791481697,5.83476353747093e-49,0.42026644336571,0,-0.680571523670636,7.54341900039468e-93,0.589302267792842,0,2.00492512708902,0.295688615208835,0.543772576734829,0.288015307753934,0.536670576568097,0.194385804762611,1.28841192878338,"enzyme"
"41","1CBX",-0.493899267388829,2.76473627811664e-20,0.486078785628055,0,-0.645678898185388,1.32780374349138e-37,0.663888322358554,0,1.40054154030293,0.497162565271066,0.705097557272089,0.501213616490935,0.707964417531655,0.209089182801303,1.04219671335505,"enzyme"
"42","1CDG",-0.30203907933593,6.16240399310405e-16,0.346523727710692,0,-0.477601354524032,2.23028044963463e-40,0.5006475541866,0,1.53646918605539,0.389115842344918,0.623791505508786,0.690328952982667,0.830860369125082,0.190653255276968,1.34941439650146,"enzyme"
"43","1CEL",-0.601759254502891,5.3134885260543e-44,0.547746199270472,0,-0.660987621726416,1.03129647515296e-55,0.628260851656036,0,1.18322610154273,0.467394161233091,0.683662315206192,0.77950640033526,0.882896596626842,0.218479498083141,1.18789162586605,"enzyme"
"44","1CHD",-0.468757104121596,3.2859821695344e-12,0.420361710684787,7.02168545529958e-10,-0.475879097621292,1.38620160270646e-12,0.433952084495999,1.69368075120246e-10,1.16091280964141,0.544639728225683,0.737997105838283,0.784737647482592,0.885854190870367,0.23507950550505,0.911186954545455,"enzyme"
"45","1CHK",-0.445233170684995,5.45827694895445e-13,0.364081507397365,7.16365744501957e-09,-0.564902503557864,1.82791727837747e-21,0.513645532044198,0,1.27436750289496,0.328971823116856,0.573560653389732,0.504075170537787,0.709982514247912,0.256238920084034,0.873718172268908,"enzyme"
"46","1CM0",-0.405550446719524,8.617351675298e-08,0.297668163139941,0.00011960541352507,-0.532035492650085,3.2007664853238e-13,0.422568747124387,2.12627400131282e-08,1.58653299641358,0.31846336736027,0.564325586306585,0.38331619826087,0.619125349392891,0.287438876358025,0.732445691358025,"enzyme"
"47","1CNS",-0.581217459265155,2.34864141076661e-23,0.583934591260348,0,-0.636208271510438,5.68336968691728e-29,0.61557289227926,0,1.07577403447737,0.389329152580057,0.623962460874095,0.467778624772149,0.68394343682219,0.245632926460905,0.934844209876543,"enzyme"
"48","1COY",-0.486932575446769,3.4486883902265e-31,0.357139556782494,0,-0.62197583132755,5.6851227831295e-55,0.52237708198912,0,1.48300923874251,0.391356737897086,0.625585116428681,0.455391642131915,0.674827120181098,0.197252813353293,1.26772793013972,"enzyme"
"49","1CVR",-0.385869607860648,8.69522369268811e-17,0.314051446546687,2.41850983684344e-11,-0.417106515726975,1.29799121184984e-19,0.315233524849394,2.01787475617721e-11,1.95520497431944,0.316615549118586,0.562686012904698,0.28733604096669,0.536037350346681,0.204624993402778,1.16020899074074,"enzyme"
"50","1CWY",-0.643955163969216,6.67274543783112e-60,0.524594121483689,0,-0.690115658693581,5.93107851798896e-72,0.593031125996299,0,1.307149006662,0.660618653962905,0.812784506473214,0.737973306045651,0.859053727100728,0.21631817926,1.173514716,"enzyme"
"51","1CZ1",-0.629513016214087,7.03374303862913e-45,0.489143643508737,0,-0.721498642241258,1.47788086286812e-64,0.65343833626906,0,1.69448285081726,0.4857444420277,0.696953687146929,0.382204945419481,0.618227260333512,0.202355373451777,1.12966744162437,"enzyme"
"52","1CZF",-0.476063571660138,2.36749353637459e-20,0.379210096028945,6.72795152922845e-13,-0.535895222175829,2.68489042486373e-26,0.470281194136992,0,1.44065234531045,0.459992165666961,0.678227222740993,0.514646065420749,0.717388364430835,0.206070444537313,1.08462549850746,"enzyme"
"53","1D1Q",-0.591509431180895,2.21928682365019e-16,0.465518209201754,6.29555518827374e-10,-0.66293042587428,1.7499007098552e-21,0.573529788260212,2.66453525910038e-15,1.35987071808176,0.584083421130765,0.764253505802077,0.925202207650522,0.961874320090999,0.259035022264151,0.768136182389937,"enzyme"
"54","1D4C",-0.449485321756819,1.07645040497852e-29,0.374054948906136,0,-0.664465957143629,7.11887598665059e-74,0.557823164465935,0,1.48537397939298,0.463265798194959,0.680636318598236,0.742164080182601,0.861489454481365,0.219728243280702,1.29113406315789,"enzyme"
"55","1D6O",-0.493860024470183,6.46236932532748e-08,0.430250235404387,3.73931907415859e-06,-0.571001646085216,1.34537128826343e-10,0.508496242469528,2.24800209558396e-08,1.05545741802804,0.553616652325138,0.7440541998572,0.743281518101761,0.862137760512646,0.288864520560748,0.637093514018692,"enzyme"
"56","1DDJ",-0.673593794589577,5.11635462971919e-34,0.484231892919574,6.66133814775094e-16,-0.657200604640947,6.35018635871911e-32,0.517692134170637,0,1.49990898925101,0.757081309565523,0.870104194660343,0.865640879463303,0.93039823702719,0.234587876963563,0.962756910931174,"enzyme"
"57","1DGK",-0.52813168634013,1.19518824061075e-65,0.503250565477246,0,-0.529475113002432,4.92711552878512e-66,0.543131870317086,0,0.946601059359688,0.366674339221177,0.605536406189732,0.538193079543141,0.733616438980985,0.209241514699332,1.3010340389755,"enzyme"
"58","1DGS",-0.469120728661425,3.94399086092222e-33,0.381800695593708,0,-0.511084060754067,5.58712406812899e-40,0.445393566443085,0,1.26614632001377,0.572495173450416,0.756634108040614,0.959673821671524,0.979629430790809,0.247575649277108,1.04212417555938,"enzyme"
"59","1DNP",-0.570257513326192,8.36400110498239e-42,0.521410693234113,0,-0.662044358632103,1.79379540015383e-60,0.61472799169276,0,1.43478618350959,0.652280105301469,0.807638598199386,0.842392347598261,0.917819343660974,0.221371350938166,1.1141808358209,"enzyme"
"60","1DVE",-0.5810605662041,1.01558682552005e-20,0.484500330571593,5.37347943918576e-14,-0.663820343010304,1.47069728407805e-28,0.629666843134867,0,1.68784589891122,0.364397237879152,0.603653243078468,0.359120641763161,0.599266753427187,0.246427820700935,0.839941219626168,"enzyme"
"61","1E0C",-0.460363336573877,1.43858279877866e-15,0.456032602825501,2.88657986402541e-15,-0.585891151143848,2.7964196250089e-26,0.581613089351205,0,1.4120324464963,0.421549652004609,0.649268551529033,0.511970982222675,0.715521475724297,0.225541952074074,0.979830714814815,"enzyme"
"62","1E1A",-0.3437678735194,4.40536025615596e-10,0.239060311486178,1.97464541618064e-05,-0.585853879476316,3.84675247768957e-30,0.515487802233703,0,1.56197733032051,0.448586726387952,0.669766172920036,0.331071898476403,0.57538847614147,0.21355372650641,1.07436421794872,"enzyme"
"63","1E6E",-0.676907024236955,1.54473492494073e-62,0.506297146231373,0,-0.70687607046559,2.00689001185923e-70,0.54925823136184,0,1.40420287559737,0.529718567971984,0.727817674951622,0.564954082143858,0.751634274194477,0.235434985317287,1.10557544201313,"enzyme"
"64","1EB6",-0.469786666962884,4.20541776506154e-11,0.3752807545903,2.650014232497e-07,-0.610109029418357,1.98478608474912e-19,0.565507987601849,2.22044604925031e-16,1.82429601786441,0.374494556834804,0.611959603923988,0.393559844695686,0.627343482229381,0.239255304350282,0.853213971751412,"enzyme"
"65","1EH5",-0.548822695169533,2.39698834805806e-23,0.481271907253071,0,-0.696934302968716,6.86964613979555e-42,0.650508198827241,0,1.70706310815412,0.3794567278234,0.616000590765463,0.314484193837134,0.560788903097355,0.232547033225806,0.958157182795699,"enzyme"
"66","1EUG",-0.641896102606254,1.58553120242375e-27,0.551878840108767,0,-0.70104689439759,1.36203056404838e-34,0.630627893339071,0,0.969501259671111,0.626222167698182,0.791342004254913,0.884743326250771,0.940607955659939,0.251403479822222,0.877092684444444,"enzyme"
"67","1EUU",-0.126222876857602,0.00193286691879545,0.216269443960212,8.58564366268411e-08,-0.483190751814291,1.74786449432299e-36,0.340748157151758,0,1.78971532221797,0.229041936068655,0.478583259285837,0.216887532274154,0.465711855415078,0.228314089234609,1.20794598668885,"enzyme"
"68","1EX1",-0.438847718680572,9.90981353230258e-30,0.440365936979186,0,-0.643323756791435,1.26599884862412e-71,0.646871491884979,0,1.41235009156977,0.498178075253421,0.705817310111775,0.484715505072359,0.696215128442609,0.179250245149502,1.33875370099668,"enzyme"
"69","1EXN",-0.349832427823883,4.19766226138139e-09,0.240685513780425,7.09905420015478e-05,-0.334903605264892,2.02892210996533e-08,0.253465615730307,2.77887927029319e-05,1.08696672904494,0.514723754343249,0.717442509434205,0.591716619873389,0.769231187532973,0.258240240411985,0.87744327340824,"enzyme"
"70","1EXP",-0.57096485093577,2.18104970580654e-28,0.442384073490114,2.22044604925031e-16,-0.645823363413096,3.25354289325619e-38,0.592117201908437,0,1.36139087489423,0.513447909519247,0.716552796044539,0.545543314969144,0.738609040676557,0.215643668878205,1.03834922435897,"enzyme"
"71","1EYP",-0.310706304316294,3.99075682720961e-06,0.293929490105889,1.35598102983803e-05,-0.448397457575224,6.99565262565177e-12,0.449526049426384,6.10800299227776e-12,1.82986024029717,0.229669651545341,0.479238616500529,0.219169710009836,0.468155647204897,0.257482201179245,0.871626731132075,"enzyme"
"72","1FF3",-0.505151356078365,5.32830756419095e-15,0.455977918810231,3.53272966435725e-12,-0.552099071921608,3.75248480399576e-18,0.526437832850687,2.22044604925031e-16,0.987454977566667,0.59905750718463,0.773988053644648,0.872809371052033,0.934242672463656,0.257947245285714,0.86966719047619,"enzyme"
"73","1FGH",-0.671617605807246,6.67902909406753e-100,0.562390862059345,0,-0.709281686385777,3.69822473804681e-116,0.674425752934179,0,1.0822401393745,0.469436090162481,0.685154063085436,0.81640842671861,0.903553222958454,0.175818711155378,1.48179225365206,"enzyme"
"74","1FHL",-0.492532357169275,8.19917352584694e-22,0.365322444786822,5.53557200078103e-12,-0.649576476668166,2.05568934243515e-41,0.558658945701943,0,1.72165478243713,0.372069915036578,0.609975339695449,0.375790968643143,0.613017918696625,0.208397265149701,1.07120994610778,"enzyme"
"75","1FOA",-0.615326852267398,5.18327101043207e-37,0.503300630884336,0,-0.698053983683037,2.95393998670316e-51,0.575259018404198,0,1.82151154162573,0.313810169895907,0.560187620262986,0.361438477317916,0.601197536021162,0.22581866119883,1.01580030116959,"enzyme"
"76","1G24",-0.454257470514633,4.354002391678e-12,0.310955571454443,4.35511190799431e-06,-0.597366521034964,1.06462869692657e-21,0.506910928060972,3.99680288865056e-15,2.22376741657619,0.233433763532275,0.4831498354882,0.227718666594668,0.477198770529293,0.270274495,0.812039209523809,"enzyme"
"77","1G6T",-0.670411343310369,4.77523926307863e-57,0.580328960593291,0,-0.73639774433887,3.950659620755e-74,0.692200457805456,0,1.25123802922014,0.445886955883926,0.667747673813939,0.67114307802083,0.819233225657279,0.18922305381733,1.19986084543326,"enzyme"
"78","1G8O",-0.493323201244721,5.21805962310126e-19,0.494411027028284,0,-0.602892109688844,8.60223168293307e-30,0.60417944527966,0,1.35132374898606,0.434772255631625,0.659372622749554,0.408896188482678,0.639449910847346,0.223415238571429,0.970472104529617,"enzyme"
"79","1GA8",-0.582539102285351,5.06136886443436e-26,0.413258900810642,1.33004718350094e-12,-0.662100728133805,1.45883027092564e-35,0.511182622174311,0,1.86939162831365,0.462186420757971,0.679842938301172,0.497482715466333,0.705324546195816,0.244300577601476,0.959042981549815,"enzyme"
"80","1GAL",-0.496583008244707,1.66713092040465e-37,0.378422685270567,0,-0.581946138824541,5.84535680982232e-54,0.487369341679336,0,1.29122663563339,0.512335337351848,0.715776038542677,0.605907092497352,0.778400342046014,0.184187488296041,1.36528381067126,"enzyme"
"81","1GCU",-0.385251003383905,9.10507807236665e-12,0.343121104376711,1.72376202201008e-09,-0.542279653364641,1.00769323887231e-23,0.4715194093249,0,1.83230821642466,0.358626174492902,0.598854051078309,0.383428460246265,0.619216004513986,0.260935180410959,0.91568452739726,"enzyme"
"82","1GOG",-0.290690726198662,6.56464470306189e-14,0.400755495051676,0,-0.654690154266201,1.83476487553064e-79,0.610584434434167,0,1.79628035913615,0.3492236290268,0.590951460804354,0.310871510287871,0.557558526334116,0.187586729765258,1.37222689045383,"enzyme"
"83","1GP5",-0.496685382569007,5.92055000510333e-23,0.452183205042059,0,-0.614843827290334,2.34709265830502e-37,0.561773871941883,0,1.50177338462428,0.483493729297987,0.695337133553205,0.733189918888076,0.856265098487657,0.247823614364162,0.982792393063584,"enzyme"
"84","1GQ8",-0.541147512285778,1.37699611405534e-25,0.567682285253799,0,-0.597010809182918,4.28880731640485e-32,0.619147278735216,0,1.1802398843239,0.5233468932166,0.723427185842916,0.595188043561094,0.771484311934529,0.226048104842767,1.01055979245283,"enzyme"
"85","1H19",-0.645096025622015,4.51892748717685e-73,0.486474775860496,0,-0.770406582858379,5.86769552817859e-121,0.625864364489295,0,1.65784126884754,0.416411392399353,0.645299459475485,0.5871664886154,0.766267896114277,0.199491416114754,1.28188965901639,"enzyme"
"86","1H3I",-0.294558814430456,2.82363804563771e-07,0.275601481326083,1.66394097034228e-06,-0.273193189994936,2.06526385270123e-06,0.33390078418965,4.62684113244904e-09,1.43023697073038,0.594668027281562,0.771147215051421,0.409008664014017,0.639537851900899,0.27727206116041,0.881709440273038,"enzyme"
"87","1HKA",-0.463429234375038,8.69095041569175e-10,0.426351357925282,2.33004180394403e-08,-0.504648286692769,1.3714570837001e-11,0.448185239199624,3.52416540394529e-09,1.31795934557595,0.573333803736045,0.757188090064843,1.0550849879117,1.02717329984365,0.279543878607595,0.729766056962025,"enzyme"
"88","1HPM",-0.506045623673942,5.6661117413712e-26,0.349775186483376,2.55551135808219e-12,-0.451536129710695,2.1799808542717e-20,0.314480965307116,4.01824351570212e-10,0.432003084989418,0.283380095355195,0.532334570881128,0.998358095302848,0.999178710393115,0.227798853386243,1.06665541005291,"enzyme"
"89","1HQC",-0.385195907287778,1.51323464017515e-12,0.301411711949452,5.12490472281968e-08,-0.319444810456899,7.02120505116211e-09,0.238489452269608,1.94619636189053e-05,0.75174276343949,0.542446560251871,0.736509714974535,0.942991511680373,0.971077500347101,0.269925226050955,0.872253044585987,"enzyme"
"90","1I1E",-0.304645675742688,4.80629643085196e-29,0.377042065577695,0,-0.355975433011117,9.66713807215413e-40,0.383960523785402,0,1.20189129931935,0.263593749222836,0.513413818690962,0.284524762377405,0.533408626080798,0.21241783982129,1.41339767909868,"enzyme"
"91","1I1I",-0.447814096531984,4.12032589558166e-34,0.362310414222946,0,-0.570650206140721,1.02467445319067e-58,0.481508183614289,0,1.29220186014887,0.439175508555294,0.662703182846811,0.682879223933344,0.826365066985133,0.227737439067669,1.22902050977444,"enzyme"
"92","1I9A",-0.600626415217365,1.54806128619679e-18,0.520523225445482,1.54098955817972e-13,-0.59388025923001,4.62535541774817e-18,0.53103553914155,4.04121180963557e-14,1.42255516104571,0.57362477260363,0.757380203466944,0.847992558020276,0.920865113912062,0.268503378228571,0.783782045714286,"enzyme"
"93","1IDJ",-0.526416924110058,5.5558387918565e-27,0.499325880316411,0,-0.583100692005101,4.41651314682545e-34,0.561823457775534,0,1.54209316287187,0.401130974403369,0.633349014685718,0.352433106864766,0.593660767496695,0.210346159582173,1.10594969637883,"enzyme"
"94","1IG8",-0.624037591313139,5.50560866918656e-52,0.485321241159577,0,-0.721136100460562,1.86266599702613e-76,0.579583252128882,0,1.4004230931855,0.572334125410917,0.756527676566375,0.620705358789536,0.787848563360711,0.225932787782516,1.11206626865672,"enzyme"
"95","1IM5",-0.634140930633081,1.58859504418863e-21,0.553934820097502,8.88178419700125e-16,-0.660833907543,7.84405698277767e-24,0.597596117413033,0,1.4457489011229,0.467786533084192,0.683949218205703,0.505173277734386,0.710755427509622,0.239833332793296,0.836688301675978,"enzyme"
"96","1INP",-0.468985043690149,2.88070554437121e-23,0.322251595421496,4.06215061588e-11,-0.589488189441099,8.53580600907466e-39,0.487367193692333,0,1.6792117082575,0.431580456259842,0.656947833743168,0.813207203643333,0.901780019540981,0.256947852225,1.0649884625,"enzyme"
"97","1IU4",-0.347238004363538,8.20457048508061e-11,0.385688215272023,3.49498208151999e-13,-0.272643200562363,4.72161638141006e-07,0.332088300232882,5.80380854486862e-10,0.227016090903323,0.117365655011553,0.342586711668087,0.680337319573011,0.824825629798815,0.248361071903323,0.959065740181269,"enzyme"
"98","1J00",-0.5291823827958,4.33959391889428e-14,0.380934796985364,1.83158705979736e-07,-0.61983344820137,4.64031645979119e-20,0.530717389743249,3.5527136788005e-14,1.2580134478125,0.532771832347797,0.729912208657861,0.801865537618776,0.89546945096903,0.256509657329545,0.806964659090909,"enzyme"
"99","1J09",-0.548751179481684,3.72119089655477e-38,0.368306027836945,2.22044604925031e-16,-0.602366530873463,1.49649910743417e-47,0.417911875343253,0,1.25359049661325,0.487005777875124,0.697857992628245,0.663289450231461,0.814425840842161,0.239297500299145,0.98178338034188,"enzyme"
"100","1JH6",-0.476922218306044,1.14247232049378e-11,0.388499609618032,6.50547111735733e-08,-0.588152537678953,3.16047203844303e-18,0.466659500746646,3.55675489061014e-11,1.99591342074033,0.308594783161722,0.555513080999648,0.38810952590922,0.622984370517608,0.274917349889503,0.777554872928177,"enzyme"
"101","1JMS",-0.513295042701989,1.37378060653304e-25,0.413188316993636,4.44089209850063e-16,-0.63980017920323,7.68756367765035e-43,0.583905204840507,0,1.72263789839444,0.383964794199158,0.61964892818366,0.51408803791048,0.716999329086492,0.26498315725,0.938518394444444,"enzyme"
"102","1JOA",-0.472581168016295,3.40680116952439e-26,0.370761012652525,4.44089209850063e-16,-0.552950137870501,4.45785819833773e-37,0.505338910572725,0,1.36946311316143,0.400185050417414,0.632601810317844,0.637487492827229,0.798428138799747,0.230443982399103,1.08802473542601,"enzyme"
"103","1JS4",-0.568812609924792,3.72937984732546e-53,0.460359628144978,0,-0.651063453915418,3.09627718712571e-74,0.558463315299914,0,1.43943977835372,0.528694049715762,0.727113505386719,0.617666044261692,0.785917326607381,0.19742322661157,1.24673085785124,"enzyme"
"104","1K30",-0.451154183031038,1.33071575998091e-19,0.311645254939416,1.28740773597258e-09,-0.548855326755453,6.04870636629123e-30,0.464416402057215,0,1.19220335127824,0.356215969859469,0.596838311320133,0.444986286188302,0.667072924190678,0.247424152451791,1.01908365289256,"enzyme"
"105","1KL7",-0.701527021730908,9.85627778100913e-76,0.492157781899333,0,-0.729673361062506,9.68462632927135e-85,0.591268846199465,0,1.24867849803777,0.569892603648526,0.754912315205233,0.996912272454548,0.99845494262613,0.216014107276342,1.20279719880716,"enzyme"
"106","1KNP",-0.587742782267799,1.87286648756293e-50,0.544446341864998,0,-0.593165990018874,1.39116712756369e-51,0.60420247339718,0,1.03144344244045,0.581289492417186,0.762423433806429,0.597030009362743,0.772677170209359,0.201599772797732,1.27799344612476,"enzyme"
"107","1L1D",-0.619169022721217,2.15384210036545e-16,0.615173094580738,4.44089209850063e-16,-0.682111786007839,9.11689673331702e-21,0.662635021961897,0,0.958214572091549,0.587026166827628,0.766176328809255,0.833627696406931,0.913032144235312,0.287156570774648,0.727893309859155,"enzyme"
"108","1L1L",-0.497425215041594,4.3774487208866e-46,0.333582059129745,0,-0.627440742949309,9.80796134421221e-80,0.443607173934309,0,1.43700386305858,0.372184871882034,0.610069563150002,0.58726184511356,0.766330114972366,0.211763485341702,1.3434560251046,"enzyme"
"109","1L6P",-0.492451009836607,9.6229660325955e-09,0.426331384338444,1.08408442356378e-06,-0.469006600161098,5.76594418544248e-08,0.431670507393898,7.67356721054213e-07,1.53682164139669,0.546237124369105,0.73907856440916,0.720980149733072,0.84910549976612,0.311672006446281,0.612517876033058,"enzyme"
"110","1L7N",-0.579642393185257,5.64331014986408e-20,0.500992090968854,1.50990331349021e-14,-0.645557004954257,8.5761302231077e-26,0.614801542039449,0,1.13194004297585,0.526101279872049,0.725328394502828,0.661631467849732,0.813407319766507,0.23374279647343,0.87239547826087,"enzyme"
"111","1L7Q",-0.232817628539605,1.81620589835156e-08,0.284562505592005,4.2490455598454e-12,-0.491594215555476,4.47440576305607e-36,0.503128626656281,0,1.7373512271366,0.434056980739477,0.658830008985229,0.370437389064983,0.608635678435781,0.197246983029772,1.299437558669,"enzyme"
"112","1L8T",-0.572754033403966,2.50972888264762e-24,0.377126364313406,2.58548737974706e-10,-0.678196865437241,8.75910191661943e-37,0.519692480021241,0,1.59274290275285,0.349857604539016,0.591487619937236,0.399641502716666,0.632172051514986,0.261479581064639,0.881287551330799,"enzyme"
"113","1L9X",-0.580704218711213,2.30449202467702e-27,0.445173752251307,1.99840144432528e-15,-0.612098639891218,5.34836460528602e-31,0.544955831402784,0,1.50168744132639,0.427258192469767,0.653649900535269,0.523950877369937,0.723844511873881,0.2226019915625,0.999922270833333,"enzyme"
"114","1LBA",-0.60945214974932,3.26237999560561e-16,0.479183747197671,9.43869649105977e-10,-0.675867081370317,8.05359182699186e-21,0.576947631536196,2.48689957516035e-14,1.51452323676027,0.50142611561398,0.708114479172668,0.743159933280005,0.862067244059305,0.279133857945205,0.742954938356164,"enzyme"
"115","1LDM",-0.525227939086984,1.0026329761371e-24,0.430718079928043,2.22044604925031e-16,-0.641107878219406,1.76625754568368e-39,0.546662761031603,0,1.24702652408207,0.449250711323478,0.670261673768893,0.685315128196516,0.827837621877935,0.253118038389058,0.986717054711246,"enzyme"
"116","1LJL",-0.629107111681665,1.09769762345929e-15,0.502132580869289,1.15310339054986e-09,-0.668481591443637,3.62589431313251e-18,0.55324251576395,8.73390249012118e-12,1.32900972362308,0.52520346647177,0.724709228913066,0.752235487496983,0.867315102772333,0.273472463076923,0.719502230769231,"enzyme"
"117","1LVH",-0.592429310185743,3.10941273947782e-22,0.345970514624182,1.39534292786792e-07,-0.653577213214395,3.46481254139181e-28,0.470456717808034,1.62536650805123e-13,1.71085512788636,0.41575640146881,0.644791750465846,0.839761742196638,0.916385149484995,0.273396524227273,0.831073909090909,"enzyme"
"118","1M53",-0.603624600111467,1.72534017646925e-56,0.553691156286065,0,-0.669017679502724,2.0473920359838e-73,0.618340811759116,0,1.15767752204496,0.595504865831496,0.771689617548076,0.988983520936878,0.994476505975319,0.199701066528777,1.22777590107914,"enzyme"
"119","1MBB",-0.672853040299949,3.66120696789422e-46,0.483721888902297,0,-0.738622560557366,7.59777814353563e-60,0.599983828202315,0,1.28207822951176,0.632852036474703,0.795519978677282,0.768637042778777,0.876719477814185,0.238532748117647,1.00439836470588,"enzyme"
"120","1MJ9",-0.567682566543729,1.08746224842511e-24,0.41658560843573,6.94111434995648e-13,-0.559943339161008,6.23957779891968e-24,0.418968534126437,4.9782400424192e-13,1.26149577316484,0.652370688485146,0.80769467528587,0.418562795115966,0.646964291994517,0.272696363626374,0.849590838827839,"enzyme"
"121","1MLA",-0.617868198634278,1.6899378371644e-33,0.447228443445669,2.22044604925031e-16,-0.6499816954159,5.29506475145488e-38,0.569335039520328,0,1.17501624514426,0.500037792913676,0.707133504307126,0.8176445199347,0.904236982175967,0.22304234452459,1.03893837704918,"enzyme"
"122","1MRQ",-0.50360680434577,3.56847707944951e-22,0.462081133639126,0,-0.557660540742349,8.60446557470905e-28,0.529592540603602,0,1.24306394979257,0.483553564790536,0.69538015846768,0.48304586021327,0.695015007185651,0.225280104055728,1.02738539628483,"enzyme"
"123","1MUD",-0.538293558572937,2.65061363368477e-18,0.466796907727764,1.4122036873232e-13,-0.567555693371303,1.38962620665804e-20,0.531525045050463,0,1.14140336904889,0.652161598565507,0.807565228675372,0.892680200825937,0.94481754896167,0.254713937333333,0.84969668,"enzyme"
"124","1MUG",-0.549901359365675,2.01084249449641e-14,0.398514089362176,1.14942396489681e-07,-0.654138656660727,1.62249962828899e-21,0.562334915897978,3.99680288865056e-15,1.60717518102424,0.38446667469053,0.620053767580304,0.398330262480007,0.631134108157694,0.268081808787879,0.790582187878788,"enzyme"
"125","1NDH",-0.501162750998714,1.41458660220629e-18,0.39264949479707,2.19142481938661e-11,-0.555906398145804,2.66876366595716e-23,0.48839796238477,0,1.27156822845556,0.469713712508929,0.685356631622493,0.550290406321549,0.74181561477334,0.265716463962963,0.895321966666667,"enzyme"
"126","1NDI",-0.533542110456306,3.75667281709875e-45,0.521726206694764,0,-0.707105613720231,1.8162319516625e-91,0.630600725017649,0,1.61051926592282,0.50024771098165,0.707281917612525,0.454706409797808,0.674319219507948,0.216639162986577,1.23374144630872,"enzyme"
"127","1NLU",-0.57964966737265,2.05089539202321e-34,0.428771248603688,0,-0.646329614046314,6.6673484743927e-45,0.558117144410394,0,1.64020890512772,0.533966589775723,0.730730175766488,0.448299198302801,0.669551490404436,0.202367668967391,1.20503916847826,"enzyme"
"128","1O8A",-0.486341875632015,2.05335462274502e-35,0.467825189125065,0,-0.672507441198352,8.4201379576113e-77,0.636595011786934,0,1.61115931534321,0.396249418438813,0.629483453665633,0.364322980237396,0.603591733075757,0.206484396463415,1.24402209233449,"enzyme"
"129","1O98",-0.69260902655224,5.97889755855018e-74,0.524035547335191,0,-0.726121930422223,1.60632466832192e-84,0.61421310072311,0,1.15170743032613,0.592920277165347,0.770013166877909,0.847316937562674,0.920498200738423,0.195490011905697,1.25108184479371,"enzyme"
"130","1OG1",-0.550484603331548,4.56106715304897e-19,0.48444852880071,1.59872115546023e-14,-0.709019336741686,2.25017323948847e-35,0.648938258252142,0,1.76372413042601,0.437685420987805,0.661577978010004,0.312209752203773,0.55875732854592,0.246031168520179,0.870370739910314,"enzyme"
"131","1OGO",-0.137480276864891,0.000978895539496192,0.0760417977251388,0.0691698335923305,-0.400862381909282,1.7168212439854e-23,0.294720509367925,6.30828722592014e-13,1.85814412557692,0.249961202408438,0.499961200903068,0.214824990735184,0.463492169011715,0.196499620716783,1.30121267832168,"enzyme"
"132","1OJ4",-0.702089120666271,1.90910165779756e-42,0.539963044436307,0,-0.702961570631899,1.36697746949675e-42,0.593948141037188,0,1.26724866045848,0.565047957328883,0.751696718982385,0.948447921112902,0.973882909344292,0.244570301299639,0.963558602888087,"enzyme"
"133","1ONR",-0.780700153660956,4.4212128486578e-66,0.672351611764689,0,-0.752825258588048,5.54621322138669e-59,0.699794971828473,0,0.931494618113924,0.600185995664539,0.774716719623721,0.828581296559187,0.910264410245279,0.220534083892405,1.02336785759494,"enzyme"
"134","1OPM",-0.396631994440992,4.01804034315299e-13,0.363011954364186,4.34279279204475e-11,-0.512239291357034,3.885034731264e-22,0.488010185916635,0,1.81154454114194,0.425388798391899,0.652218367107136,0.347850325116342,0.589788373161376,0.24397682016129,0.967141635483871,"enzyme"
"135","1OXA",-0.310706052965777,1.81174049804042e-10,0.294426691238763,1.67746749824005e-09,-0.439963843665356,1.65620831848338e-20,0.432472759780411,0,1.5169007664268,0.528070147579239,0.726684352094662,0.492735908490011,0.701951500098127,0.232765633796526,1.08699970223325,"enzyme"
"136","1OYG",-0.486499145040885,1.59706879949408e-27,0.391630615176751,0,-0.677807116523438,1.75627257616281e-60,0.596148647599122,0,1.63061154062045,0.301103169026919,0.548728684348576,0.307549511086975,0.554571466167323,0.204080998113636,1.17192530681818,"enzyme"
"137","1P1X",-0.609860850876164,7.39836502476044e-27,0.428824485640837,1.32249766693349e-12,-0.643897635869137,1.13970919700067e-30,0.538744761941001,0,1.183572866236,0.419223279578982,0.647474539714869,0.781844471491491,0.884219696394222,0.22224303436,0.975638888,"enzyme"
"138","1P3D",-0.635320790539735,3.97652238968033e-52,0.493839792567381,0,-0.667666065632894,2.91148597177244e-59,0.5648354495331,0,1.18557686759911,0.558411147494736,0.747269126549957,0.770519064148087,0.877792153159327,0.237668798641425,1.14300551670379,"enzyme"
"139","1P5D",-0.610787113508192,9.11126154538497e-48,0.493832170833052,0,-0.714204064837072,4.85501697397992e-72,0.624931751576596,0,1.39815636734141,0.487706883460603,0.698360138797028,0.585817926025554,0.765387435241496,0.199645019603524,1.20092822246696,"enzyme"
"140","1PA9",-0.544690154736002,5.89657037492492e-23,0.42241842071611,1.68087765928249e-13,-0.584490890953795,5.87105772294493e-27,0.448260475636157,3.5527136788005e-15,1.45515843414695,0.674054913157101,0.821008473255362,0.755996853208025,0.869480795192179,0.236555698494624,0.978234390681004,"enzyme"
"141","1PII",-0.621889074687915,9.97592994344974e-50,0.58872627129908,0,-0.682985508384827,2.24116892154588e-63,0.690241450573769,0,1.36635383031195,0.552626033533437,0.743388211860692,0.589723376808592,0.767934487315547,0.223651446261062,1.10692772787611,"enzyme"
"142","1PKN",-0.516536801332262,2.12369402191324e-36,0.354876323242915,0,-0.564659228039867,1.27435868251886e-44,0.453334212238234,0,1.20193306516732,0.57433247186193,0.757847261565238,1.0878721424772,1.04301109412949,0.231674836381323,1.16218873929961,"enzyme"
"143","1PMI",-0.610929015594209,2.28755512574753e-46,0.417678432843654,0,-0.711266406952452,4.71450399833942e-69,0.561952192533459,0,1.55063284674091,0.608548396723899,0.780095120305145,1.03436707940149,1.01703838639527,0.217861628227273,1.09921917045455,"enzyme"
"144","1PP4",-0.485374831627422,3.56461480766229e-15,0.422393906644728,1.69049219067574e-11,-0.605777595590048,9.97644589755015e-25,0.565750722191966,0,1.58785285093562,0.536482260329513,0.732449493364227,0.515943615347462,0.718292151806952,0.241124178969957,0.932609291845494,"enzyme"
"145","1PS9",-0.60938191315735,1.86948181402666e-69,0.548432614469526,0,-0.649321766477906,1.36889922816412e-81,0.620736142141829,0,0.951796479481371,0.542649966727054,0.736647790146047,0.839559355245969,0.916274716035518,0.203106317362146,1.33123455588674,"enzyme"
"146","1PTD",-0.626035172804796,1.29054339921737e-33,0.447110107693567,4.44089209850063e-16,-0.668547026999821,1.06228867506688e-39,0.524759810463937,0,1.93446252064527,0.447428918131027,0.668901276819702,0.413938152406303,0.643380254908637,0.209858977195946,0.988466375,"enzyme"
"147","1PUD",-0.527909881927623,4.4127061029379e-28,0.447057929367672,0,-0.559405429673846,5.15176717403296e-32,0.512089695462771,0,0.883789415045699,0.49067930194312,0.700485047622802,0.800369365425507,0.894633648721926,0.207930225752688,1.09852514784946,"enzyme"
"148","1PYL",-0.471978399920349,1.37596373572075e-06,0.427601315632056,1.54601144335409e-05,-0.575068430947815,1.09459741777246e-09,0.518603744696115,7.30434157603099e-08,1.33139034110526,0.569016703177026,0.754331958210062,0.613145358933774,0.783035988274979,0.333365145263158,0.581041147368421,"enzyme"
"149","1Q91",-0.534575273053798,9.87875375814122e-16,0.370487319312387,1.05267213834637e-07,-0.608703650607367,4.71900861262426e-21,0.467968172368867,5.97966121063109e-12,2.0226861820567,0.308570808623858,0.55549150184666,0.3553999535989,0.596154303514534,0.27054708128866,0.784393572164948,"enzyme"
"150","1QAM",-0.403555437866856,1.28534502096101e-10,0.288366651642137,7.02887809644892e-06,-0.486276429791599,2.36986863695849e-15,0.358964384671125,1.48439158742519e-08,1.25590446874468,0.553553618904176,0.744011840567189,0.988539773154072,0.994253374726016,0.259388812851064,0.803001740425532,"enzyme"
"151","1QAZ",0.0241190391807914,0.652477049056393,0.000602421620236422,0.991027094148322,-0.248058813423736,2.54445221050748e-06,0.268318528624027,3.34507459065492e-07,1.94283797255556,0.344448964732334,0.586897746402501,0.243403453793407,0.493359355635835,0.221638373247863,1.04927765527066,"enzyme"
"152","1QBA",-0.476830138889409,6.42785672514458e-50,0.433892375126851,0,-0.63753052726474,4.6943907695018e-99,0.602072460506882,0,1.57620580934732,0.449947568968589,0.670781312328086,0.491748191632833,0.70124759652553,0.195380572657343,1.43104316783217,"enzyme"
"153","1QFM",-0.519375072714591,5.90653450480503e-50,0.452000063511244,0,-0.641860153844701,4.0752847342949e-83,0.598857036902029,0,1.4081042956922,0.433580646354604,0.65846840953428,0.630574261772902,0.79408706183447,0.201870811390071,1.3335313858156,"enzyme"
"154","1QGX",-0.545108654105066,8.66086163065874e-29,0.425130537932299,0,-0.689804485756375,2.60231666624206e-51,0.576893294984545,0,1.5831331229548,0.439654248945987,0.6630642871894,0.705964190445765,0.840216752062088,0.211925894265537,1.10898684463277,"enzyme"
"155","1QJE",-0.343301780572345,1.78120887876564e-10,0.296911334062325,4.4391895492879e-08,-0.559391477022487,2.56381975557426e-28,0.478878591822089,0,1.54449283685933,0.461453649288062,0.679303797492744,0.323843684300947,0.569072652919596,0.227120752844037,1.01452637614679,"enzyme"
"156","1QK2",-0.572135633942295,6.02786188293858e-33,0.417179958887708,0,-0.669074329074252,1.83719354114155e-48,0.584927015797997,0,1.5169555851708,0.446973022166587,0.668560410259676,0.39314510016644,0.627012838916748,0.217615483278237,1.11758145179063,"enzyme"
"157","1QWN",-0.511613825813037,1.00099987655403e-68,0.419639306567903,0,-0.622062561893368,1.18417363187046e-109,0.508133147528838,0,1.75314614354536,0.430481678078331,0.65611102572532,0.429218963448155,0.655148046969656,0.18589664581854,1.54320908579882,"enzyme"
"158","1R1J",-0.492857654270664,7.09430684101329e-44,0.459125690258164,0,-0.631940329981608,7.26949829091311e-79,0.583221746926823,0,1.51796449859483,0.487885031377455,0.698487674463519,0.601801639000911,0.775758750515204,0.209357816091954,1.29132521264368,"enzyme"
"159","1R44",-0.684342322665206,3.00519593736814e-29,0.582842260198429,0,-0.731847633314939,3.74755674707752e-35,0.676017023446054,0,1.57929315981683,0.529874763497332,0.727924971063181,0.601069256879691,0.77528656436165,0.233835210792079,0.855245871287129,"enzyme"
"160","1R4Z",-0.537604661012103,8.52203895852533e-15,0.453988201205266,1.7394752305222e-10,-0.568186126772497,1.08227158991355e-16,0.459487058836802,9.80593384269923e-11,1.77463361636313,0.40493970139881,0.636348726249067,0.277119988095926,0.526421872736996,0.228272240391061,0.882697748603352,"enzyme"
"161","1RBN",-0.626291895160226,7.30156074179469e-15,0.560476807127576,1.29585231434248e-11,-0.647159017944008,4.62714745825309e-16,0.636839976465453,1.77635683940025e-15,1.48005589458871,0.494077371065051,0.702906374323815,0.628245188929419,0.792619195408122,0.296779637983871,0.665610846774194,"enzyme"
"162","1RDD",-0.477322756104324,3.39451669774271e-10,0.492937579759089,7.23008319880591e-11,-0.479767856138935,2.67811632667558e-10,0.492829312975822,7.31001925657893e-11,0.916184382709677,0.546390648412922,0.739182418901398,0.84053694589823,0.916808020197375,0.282846138064516,0.735932348387097,"enzyme"
"163","1RU4",-0.340772873427,2.47184996977611e-12,0.321759725318176,4.36448654994592e-11,-0.497993070127515,1.85760680433339e-26,0.434860824361723,0,1.9586207264,0.289139239958366,0.537716691165865,0.206033716214536,0.453909370044876,0.207088698,1.1423441425,"enzyme"
"164","1S3I",-0.485020856599266,1.60814225575952e-19,0.360488055463643,7.48006101503051e-11,-0.544947820585415,3.83249683174891e-25,0.415642694914702,2.97539770599542e-14,1.18743101290228,0.530898078644194,0.72862753080308,1.08914674111343,1.04362193399403,0.250028837785016,0.924191602605863,"enzyme"
"165","1S95",-0.630363920705537,2.72620475628988e-37,0.492684167463118,0,-0.625315837326592,1.4811940859067e-36,0.527970901474365,0,1.13323824463272,0.496696763329436,0.704767169588252,0.738798028404947,0.859533610980366,0.211285083858025,1.05310517592593,"enzyme"
"166","1SCA",-0.698242367469281,2.24946355811284e-41,0.562850694904282,0,-0.731959584058298,3.12449270078318e-47,0.633943036926999,0,1.47051456469708,0.547577873923365,0.7399850497972,0.675626890166103,0.821965260924148,0.209652671350365,1.10117744890511,"enzyme"
"167","1SLL",-0.210943938147972,2.87094669746231e-08,0.226316238018843,2.46214515442489e-09,-0.468382260488633,2.53572370726717e-38,0.365787920311851,0,1.94328926864654,0.265539386300532,0.515305139020108,0.258614080755101,0.508541129855886,0.199650656671576,1.30575575699558,"enzyme"
"168","1SML",-0.392668384130021,3.07806744471151e-11,0.283811322014775,2.54977594682515e-06,-0.525413704650473,2.79781003275314e-20,0.452878185724559,7.54951656745106e-15,1.59251257660902,0.333215678691193,0.57724836828803,0.770227931449075,0.877626305125977,0.246407151804511,0.980819360902256,"enzyme"
"169","1SNZ",-0.498904809491172,4.74881221782589e-23,0.456362102546948,0,-0.558132365367129,1.46363812303067e-29,0.519959024715109,0,1.3153217505,0.525287137436763,0.724766953880186,0.737809504197583,0.858958383274523,0.212840187267442,1.075610375,"enzyme"
"170","1TAH",-0.523212846670586,9.57140022522639e-24,0.425488539839851,1.99840144432528e-15,-0.502097901376802,1.0329272660269e-21,0.433715641397223,4.44089209850063e-16,1.68218277402516,0.442607989095803,0.665287899405816,0.415027160841545,0.644226016892787,0.224054765377358,1.08437342138365,"enzyme"
"171","1TLP",-0.584177751449273,2.64056508549843e-30,0.521077947714619,0,-0.664142086793047,1.45366492236134e-41,0.60689975408915,0,1.37346063871203,0.482954570229488,0.694949329253211,0.578087948362872,0.760320950890394,0.215263340411392,1.029958,"enzyme"
"172","1U3F",-0.502544379496093,7.04588762663475e-12,0.422294676688046,1.77752681462806e-08,-0.570288872354131,1.57301660063774e-15,0.485555560893741,4.4003911625623e-11,1.60749951214024,0.546161668478926,0.739027515373363,0.663001159524525,0.814248831454197,0.272443633841463,0.730837207317073,"enzyme"
"173","1U5U",-0.175824345318456,0.000728642860140048,0.136149274054473,0.00910906428634051,-0.310792251127686,1.22756214566293e-09,0.259119439421142,4.99784841068163e-07,0.628148935546448,0.402714526204832,0.634597924834956,0.648062973046031,0.805023585397367,0.227575010546448,1.04042496994536,"enzyme"
"174","1UAS",-0.586390346302125,8.18786824684838e-35,0.476933608583645,0,-0.684198096082145,2.70631056858623e-51,0.595740621777628,0,1.35057959292541,0.561189771486236,0.74912600507941,0.565301313992403,0.751865223289655,0.202428140497238,1.09000522651934,"enzyme"
"175","1UN1",-0.538761878567341,1.6784989820115e-21,0.465294623476015,8.88178419700125e-16,-0.604313629168588,5.69783859405906e-28,0.551886626501579,0,1.11475681332959,0.58258329715751,0.763271443955236,0.765177230557633,0.874744094325668,0.228782764157303,0.917904191011236,"enzyme"
"176","1VID",-0.490605771122798,2.66878765256409e-14,0.385817588740532,5.71867753151878e-09,-0.64921156230525,7.06440726698959e-27,0.548076734805913,0,1.4176618218169,0.402133215390688,0.634139744370819,0.523525916450146,0.723550907987922,0.22985358314554,0.882858122065728,"enzyme"
"177","1VLB",-0.287547780061468,9.98892264995958e-19,0.269862480175822,0,-0.588368899067492,1.40732762344859e-85,0.530801548567409,0,1.60160547176736,0.411293482095123,0.641321668193991,0.392512573396584,0.626508238889628,0.173059546328556,1.59599458875413,"enzyme"
"178","1VNC",-0.252148591851858,8.36363476584181e-10,0.206019662596723,6.12194801519195e-07,-0.504615016319185,1.53757727556764e-38,0.42859657686942,0,1.74470615477257,0.417971071180798,0.646506822222935,0.258286847651691,0.50821929090865,0.207337209600694,1.30951960243056,"enzyme"
"179","1VQ1",-0.664092164519895,8.02198706020748e-35,0.521089910513937,0,-0.619209597651279,3.10686562489743e-29,0.532200512858628,0,1.48099691887452,0.591203915749312,0.76889785781293,0.88371668923225,0.940062066691476,0.269250712357414,0.857529235741445,"enzyme"
"180","1W0H",-0.597342263193724,3.79857852788794e-20,0.496032230142959,1.91846538655227e-13,-0.682723359835611,5.73099831766519e-28,0.599497979126703,0,1.63732132420619,0.43649031500963,0.660674136779722,0.732248640349503,0.855715279955607,0.260748298865979,0.78976231443299,"enzyme"
"181","1XQW",-0.474751325205034,1.04341846742141e-17,0.413800961637481,2.00728322852228e-13,-0.64334107427686,2.82205956913293e-35,0.625435235562711,0,1.49733846205172,0.312373771045036,0.55890408036177,0.428287445254915,0.654436738925096,0.212559945862069,1.01870924482759,"enzyme"
"182","1Y9M",-0.573030890695943,1.87445698994928e-46,0.44752298774358,0,-0.69454680848468,1.14228221576759e-75,0.593592567583287,0,1.54501928986074,0.510728025428157,0.714652380831518,0.464386801905363,0.681459317865244,0.199403890580271,1.25021205609284,"enzyme"
"183","1YON",-0.513841566846611,4.46613392828674e-21,0.398509274818899,1.48614454076323e-12,-0.679017876504836,8.11910117639339e-41,0.573503597104848,0,1.67782896188699,0.460162978912101,0.678353137320158,0.495519868805605,0.703931721692953,0.233008984417808,0.971789544520548,"enzyme"
"184","1YSC",-0.62842827967554,1.20286469145472e-47,0.52140059654095,0,-0.674099339909827,4.30669964612371e-57,0.624574256202316,0,1.51057784364133,0.52067194952213,0.721576017840207,0.558920808911623,0.747610064747408,0.210708490807601,1.15662017577197,"enzyme"
"185","1ZE1",-0.456848180660067,2.74851233809524e-17,0.301328083819957,6.94304413961788e-08,-0.500796301185055,5.87054590783781e-21,0.37200326938067,1.52271528719439e-11,1.39431674434416,0.613311537565087,0.783142092831874,0.976111839354741,0.987983724235749,0.250184889805195,0.863977584415584,"enzyme"
"186","1ZIO",-0.641309605167391,1.55124828930017e-26,0.516741609902608,4.44089209850063e-16,-0.692196561615936,2.75865027533087e-32,0.610894734101498,0,1.07229716177419,0.540562490968593,0.735229549847252,1.02329616149573,1.01158102072732,0.266387510322581,0.835380248847926,"enzyme"
"187","206L",-0.480772159937851,9.47226031371299e-11,0.448071813608407,2.2468609195414e-09,-0.585295626658883,2.84927126296028e-16,0.575290056370154,1.33226762955019e-15,1.6324355693642,0.412328311116643,0.642127955408144,0.482523702443233,0.694639260654934,0.272706683271605,0.724591197530864,"enzyme"
"188","2A0N",-0.550263222341888,2.86903294667322e-21,0.37162235808595,1.22259491419641e-09,-0.585143730132641,1.86073443911095e-24,0.449079379910616,7.34967642301854e-14,0.831819281179283,0.480235073475504,0.692989951929683,1.1391619315777,1.06731529155058,0.237363750119522,0.944465019920319,"enzyme"
"189","2ABK",-0.543617572612378,1.2692553532818e-17,0.41471873519237,3.5384983831932e-10,-0.631587927044231,6.87936266629837e-25,0.515277728762198,8.88178419700125e-16,0.964162817454976,0.44236762682933,0.665107229572292,0.721823073754313,0.84960171477835,0.264016354454976,0.790890213270142,"enzyme"
"190","2ACY",-0.430766053214359,9.52815826531424e-06,0.382326551533946,0.000102349604810925,-0.496521488782423,1.99601014647871e-07,0.44593742668605,4.18852018713167e-06,1.61259043622449,0.608539501777594,0.78008941909091,1.22049737245248,1.10476122870622,0.297145975510204,0.613140591836735,"enzyme"
"191","2AYH",-0.457197472970133,1.88701590325444e-12,0.373709287347843,1.69478846512305e-08,-0.622151623799131,2.55012571202622e-24,0.537284689044249,0,1.49894089211682,0.349310484694772,0.591024944223822,0.432284278034156,0.657483291068416,0.241399195327103,0.870773004672897,"enzyme"
"192","2CPO",-0.215869097589125,0.000173212278697827,0.139682059526161,0.0158221140444077,-0.387035254873196,4.36181678623012e-12,0.31165086601994,3.9122550532511e-08,1.75437506774161,0.444419092342952,0.666647652319389,0.356058412938255,0.596706303752738,0.248324611577181,0.970494634228188,"enzyme"
"193","2CPU",-0.564859340792166,4.59069968469941e-43,0.529977837168099,0,-0.670710031495637,5.70048471827972e-66,0.667370566951127,0,1.19526492856768,0.47591331597698,0.689864708458825,0.537112302995009,0.732879460071715,0.196231536888889,1.20300135151515,"enzyme"
"194","2DLN",-0.687735927549309,3.45769980857587e-44,0.553767501053226,0,-0.731648386670998,1.59785199734175e-52,0.601007839679928,0,1.29902590418627,0.57957013423987,0.761295037577331,0.667675724004753,0.817114266186041,0.232705534215686,1.00155734313725,"enzyme"
"195","2EBN",-0.341358771298236,3.2961664562394e-09,0.227641198013609,0.000105682270371776,-0.459394974225963,2.76021950376943e-16,0.367423513413933,1.54525947593243e-10,1.77511030789474,0.303861758665956,0.551236572322588,0.288140308531752,0.536787023438302,0.224642951508772,0.977042761403509,"enzyme"
"196","2ENG",-0.534173648820611,1.60629469408415e-16,0.452743682990865,9.38626953939092e-12,-0.55766136848258,3.77438298292828e-18,0.488002029095735,1.15463194561016e-13,1.17718176399024,0.500861303999527,0.707715553029271,0.497220992139766,0.705138987817129,0.24222105497561,0.890917341463415,"enzyme"
"197","2F61",-0.488054722667666,4.16105143803527e-31,0.406256716741859,0,-0.660556077137545,1.29189995656122e-63,0.570525888218557,0,1.73921435636217,0.402525426959601,0.634448915957464,0.504836048120618,0.710518154673488,0.187170959396378,1.24001912474849,"enzyme"
"198","2F9R",-0.301248600921137,2.16898498469945e-07,0.211008648024631,0.000334438005201942,-0.57240608273256,3.30942836005788e-26,0.483985120494292,0,1.4955757874386,0.394729203726663,0.62827478361515,0.375263918931307,0.612587886699784,0.235479152877193,0.99566030877193,"enzyme"
"199","2NLR",-0.363824085368403,2.36733194155669e-08,0.236991148955062,0.000367992691375552,-0.466270349014722,2.20653096739602e-13,0.37925469480299,5.26886889673506e-09,1.71754893449099,0.378900831992022,0.615549211673626,0.266134099793934,0.515881866122404,0.23675340972973,0.932519054054054,"enzyme"
"200","2NMT",-0.492716549481757,3.40561488581343e-27,0.490311494151997,0,-0.532102603671321,3.18841057669608e-32,0.562906822446672,0,1.26381774189573,0.47025116116638,0.685748613681705,0.574613189683467,0.758032446326321,0.244199936255924,1.05598630331754,"enzyme"
"201","2PEC",-0.444050785931493,1.92909869898001e-18,0.322046604202073,6.16245943163563e-10,-0.492818793296561,6.13672406368338e-23,0.385416930925336,6.52811138479592e-14,1.50116623367614,0.362609058643031,0.602170290402168,0.35878167299908,0.598983867060775,0.2140032978125,1.08804216193182,"enzyme"
"202","2PIA",-0.614715404819773,9.60092401128926e-35,0.520910617485528,0,-0.677455430942783,1.85839644097435e-44,0.604689890941817,0,1.48151382979439,0.507683666132351,0.712519239131373,0.757025517832665,0.870072133695055,0.25804854211838,0.960935956386293,"enzyme"
"203","2PTH",-0.473802919193776,3.41538855568437e-12,0.324567123406408,4.12418104200896e-06,-0.48819769689556,5.93874200709743e-13,0.353561587486107,4.56398975279271e-07,1.28427254999482,0.511649745353662,0.715296963053571,0.747618064451624,0.864649099028979,0.252802202694301,0.846960031088083,"enzyme"
"204","2SQC",-0.467363404604971,3.9799898724145e-35,0.449448579140048,0,-0.675577962647988,3.00331653991411e-84,0.610888763731715,0,1.38001992947191,0.375292343171066,0.612611086392555,0.354642805835301,0.595518938267543,0.18921240776886,1.3344365858748,"enzyme"
"205","2THI",-0.0970115076770896,0.0652214659096645,0.155863048618552,0.00294488752734723,-0.444963218217676,5.2792452534179e-19,0.375415318933634,1.46771483855446e-13,1.69291256588398,0.214103679338456,0.462713387896283,0.265406498776649,0.515176182268405,0.226031870635359,1.0432512320442,"enzyme"
"206","2TPS",-0.624335699653368,7.96590097425034e-26,0.47529557538096,3.86357612569554e-14,-0.699025324701157,1.80962383496468e-34,0.603859496730308,0,1.50223709117699,0.527870294908583,0.726546829122929,0.939793946440254,0.969429701649508,0.247258591548673,0.925452336283186,"enzyme"
"207","5EAT",-0.268854561979487,2.9194903715888e-10,0.364699581135743,0,-0.322750202280684,2.31235002415981e-14,0.406704133200112,0,1.4773821608515,0.441290205779547,0.664296775379459,0.280198807332236,0.529338084150607,0.218675753778195,1.16601641917293,"enzyme"
"208","7ATJ",-0.654869119479672,9.77398273734792e-39,0.590030776850152,0,-0.653516760209372,1.56485881101636e-38,0.643800724848169,0,1.17060265548197,0.622255612136018,0.788831802183468,0.798760593531672,0.893734073162522,0.231049632131148,1.0003456295082,"enzyme"
"209","1RD8",-0.193229983351975,1.30211736095189e-05,0.223440766479026,4.23954493511403e-07,-0.268665122667669,9.51394408578936e-10,0.304183298862979,3.30646621193864e-12,0.0626676655653827,0.0202596387781872,0.1423363578928,0.749732000495433,0.86587066037338,0.257216106385827,0.954430919794398,"virus"
"210","2FP7",-0.218301211896269,0.0079007303218144,0.185015558643516,0.0248678300132634,-0.299359962822771,0.000230143027354056,0.288746528787362,0.000389889708937385,0.0207410761324639,0.00334853647836988,0.0578665402315525,0.490226847210884,0.700162014972881,0.293022577075366,0.751187469725823,"virus"
"211","2JLY",-0.299053097822143,9.03793918667947e-11,0.297919670902939,1.07168496299437e-10,-0.398905286506521,1.18009221484674e-18,0.364845087450515,1.33226762955019e-15,0.172676173663658,0.0989567854183834,0.314573974477202,0.748994630452919,0.865444758752931,0.243604394257683,1.09276313962659,"virus"
"212","2Z83",-0.25494902654472,9.55229268041977e-08,0.237808097144653,6.85982951775799e-07,-0.260526117139514,4.87259049286891e-08,0.227242321936114,2.15219376564768e-06,0.0185932772474094,0.00465551251177441,0.0682313162101861,0.387026348748578,0.622114417730837,0.245385568059878,1.05984666372373,"virus"
"213","3GOL",-0.359966737774953,1.75207318619573e-18,0.362973030599671,0,-0.300176730392114,4.61969037998418e-13,0.320954467620472,8.21565038222616e-15,0.236953831730379,0.117226768215479,0.34238394853655,0.646421257748471,0.804003269737425,0.217748052140851,1.21610968987784,"virus"
"214","3LYF",-0.183516799254979,0.0040227488170221,0.177116823410938,0.00553010954903299,-0.192000461115814,0.0025969216772335,0.168641772393043,0.00829857457496086,0.0104921481928184,0.0012518089511814,0.035380912243488,0.00666033803734062,0.0816108941094301,0.24473801864004,0.903563587367705,"virus"
"215","4AQF",-0.292623106380635,8.20577420909582e-11,0.227989018425244,5.25427891417962e-07,-0.362808319638396,3.41635988925738e-16,0.284420663632763,2.85156787072083e-10,0.108070873191264,0.0283328698179857,0.168323705454656,0.578344484667978,0.760489634819554,0.240895015217223,1.08886260703185,"virus"
"216","4GHA",-0.043899858472129,0.631135202972084,0.0506150621899174,0.579810573934783,0.0222983467124558,0.807394916258694,-0.0442450889505168,0.628450377603036,0.0137970959258361,0.0056432881283763,0.0751218219186429,0.133974939701937,0.366025872995253,0.287416763505072,0.667544679367787,"virus"
"217","4IRY",-0.184602917031639,0.000190651831580591,0.120741834978201,0.0151718345342429,-0.234118509582639,1.96081755235069e-06,0.203732491761451,3.69714941623744e-05,0.0360713841762461,0.00885747610515941,0.0941141652736686,1.68419785079282,1.2977664854637,0.250570661558883,1.05577977525056,"virus"
