"","pdb_id","cn_entropy_rho","cn_entropy_p_value","wcn_entropy_rho","wcn_entropy_p_value","rsa_entropy_rho","rsa_entropy_p_value","rate_wcn_rho","rate_wcn_p_value","rate_cn_rho","rate_cn_p_value","rate_rsa_rho","rate_rsa_p_value","mean_entropy","var_entropy","sd_entropy","var_rate","sd_rate","data_id"
"1","132L",-0.529146570799783,2.64930640055902e-10,-0.503815660470703,2.44872451459992e-09,0.553062678197646,2.7230079153156e-11,-0.578379956196941,1.99547352301214e-12,-0.617553245914047,2.18217623984552e-14,0.63609535609238,2.05071476209894e-15,1.36905725798387,0.509940630903523,0.714101274962818,0.658646447296427,0.811570358808419,"enzyme"
"2","13PK",-0.542094827010984,4.48989921189163e-33,-0.434656541487906,1.48637446207448e-20,0.430343563559564,3.87186275091687e-20,-0.561711871185042,6.98095730889314e-36,-0.680010080662107,1.25178185843629e-57,0.542640800933453,3.77188325349135e-33,0.940279574421687,0.434987474749088,0.659535802477081,0.90916261273537,0.953500190212551,"enzyme"
"3","1A26",-0.492121767121767,0,-0.505892042158192,3.30803119097823e-24,0.571497949159505,8.00257897873562e-32,-0.627161537434556,9.0357529418663e-40,-0.627233514668234,8.80310144358352e-40,0.650356383645786,1.39757715829008e-43,1.79000480273504,0.37755441634671,0.614454568171407,0.397141866370696,0.630191928201795,"enzyme"
"4","1A2T",-0.393571973646715,2.54443853285683e-06,-0.355832368852159,2.44937663656971e-05,0.472299286762746,8.34255004610537e-09,-0.435875883537058,1.40940898918408e-07,-0.459482409280924,2.34294161397419e-08,0.558363636433231,2.38477562606223e-12,1.62183304964925,0.556496112018993,0.745986670134925,0.780752918857889,0.883602240183834,"enzyme"
"5","1A4L",-0.493504559512414,9.21096897200118e-23,-0.49216195163009,1.24964535177842e-22,0.528050140898667,2.21836252814799e-26,-0.672629601134901,3.57103272943911e-47,-0.69586868141202,1.10324950330602e-51,0.670306301844736,9.57566555764406e-47,1.39085406070977,0.39130779563309,0.625545998015406,0.818779698590775,0.9048644642104,"enzyme"
"6","1A65",-0.481301450100089,1.38458923274043e-30,-0.49051217745151,7.17541595465558e-32,0.547440556672646,9.52215697773967e-41,-0.608736883415816,2.00875445939511e-52,-0.622079032812372,2.58163212284851e-55,0.642589490596603,4.84180834789452e-60,1.40620916256746,0.458379377355957,0.677037205296693,0.53718374957096,0.732928202193748,"enzyme"
"7","1A8H",-0.250875957829605,1.29355667884099e-08,-0.251920583380164,1.12060026798106e-08,0.268280681207465,1.08736344074707e-09,-0.285121383742849,8.31186446452898e-11,-0.292559178508211,2.52382898315774e-11,0.303913887658753,3.82174371034032e-12,1.034436102804,0.487394210532663,0.698136240667008,0.588084502870248,0.766866678680361,"enzyme"
"8","1A8S",-0.420616601844814,3.9497904399744e-13,-0.402167794727489,4.90516056841755e-12,0.389667295913578,2.48075779970853e-11,-0.510646254314622,1.55954175584098e-19,-0.528268429844193,5.04543667865918e-21,0.483703439597649,2.04546491049282e-17,0.924781765857143,0.346929987425986,0.589007629344464,0.624220397612904,0.790076197346119,"enzyme"
"9","1AF7",-0.610693943386987,2.13391208726418e-29,-0.59853560351671,5.08865803981406e-28,0.59155605851537,2.95911789695055e-27,-0.635842927908736,1.91747200982483e-32,-0.64920644226643,3.51678826551655e-34,0.611579425354808,1.68471271545339e-29,1.49400138982847,0.587909142270513,0.766752334375653,0.805120619703618,0.897285138461358,"enzyme"
"10","1AGM",-0.276842548186861,1.02443276290803e-09,-0.244697861184591,7.75713682008897e-08,0.395612622060417,4.647869577151e-19,-0.532330114166738,9.47033925175669e-36,-0.575875514267721,7.2107934441699e-43,0.607402746313397,9.96279783909571e-49,1.67568891407234,0.36880652100649,0.607294426951615,0.43907142170311,0.662624646163354,"enzyme"
"11","1AGY",-0.454679585683745,1.92281174397817e-11,-0.440800983228609,9.01630663348612e-11,0.533772742347502,6.66210852922604e-16,-0.617096205130361,4.62900731085573e-22,-0.637037682330374,8.05844614540707e-24,0.674230601723308,1.80174533116856e-27,1.67202321225888,0.486704167873973,0.69764186218573,0.38248248754122,0.618451685696806,"enzyme"
"12","1AH7",-0.447040324311505,1.9371591438524e-13,-0.403649467217991,5.12133470005649e-11,0.456447962740902,5.18728999705396e-14,-0.614384025028237,8.09172212277136e-27,-0.66019114445982,4.7970994679195e-32,0.639952230730813,1.25825517860405e-29,1.84062434128163,0.324436301278747,0.569593101502069,0.359942108070492,0.599951754785743,"enzyme"
"13","1AJ0",-0.482952730800002,6.93749245290627e-18,-0.453600484853727,1.02163407532028e-15,0.446715076606946,3.07912603015856e-15,-0.491693798614305,1.42655304902892e-18,-0.524851109013986,2.30132844962929e-21,0.469885103224442,6.79487210459053e-17,1.17041084467376,0.56230048929297,0.749866981065956,0.74492775282976,0.863091972404888,"enzyme"
"14","1AK0",-0.540222094356276,2.10434763993016e-21,-0.514453945023695,3.06410040775805e-19,0.613763831038859,1.01499790556642e-28,-0.6537375557666,1.43226632119751e-33,-0.6829112799443,1.33306730858579e-37,0.697887340568134,7.3631724316329e-40,1.89340763219318,0.484900238879002,0.696347785864938,0.448119976078529,0.669417639503568,"enzyme"
"15","1AKO",-0.427580671692444,2.44903855540527e-13,-0.405926804270526,4.70476399591613e-12,0.45024079400557,8.78959902513459e-15,-0.468402522861986,5.07940896001312e-16,-0.505594702380838,8.49022635813085e-19,0.520594989733333,5.12365891760169e-20,1.19773346972761,0.45136147565327,0.671834410888032,0.729423196399815,0.854062759052176,"enzyme"
"16","1AMY",-0.421822237917746,8.10800329714877e-19,-0.397999609982295,9.50565232065966e-17,0.42598527505467,3.38925114158446e-19,-0.512552931844457,2.2326082507507e-28,-0.548661400172342,4.70267568601838e-33,0.517394912842235,5.67314969866724e-29,1.39470892911911,0.392393478928655,0.62641318546839,0.51240092238603,0.715821851011849,"enzyme"
"17","1AQ2",-0.584133525252314,3.60634131522523e-50,-0.519210667182177,3.40119466183702e-38,0.509361708786323,1.35216808564469e-36,-0.626342458262954,1.58901354863402e-59,-0.695017429427973,2.97442240784355e-78,0.619909991353527,5.24239649950622e-58,1.07123829270787,0.521299829960139,0.722010962493049,0.805989172619024,0.897768997359022,"enzyme"
"18","1AQL",-0.466591402614494,4.07942184946964e-30,-0.459821417613265,3.43434715440503e-29,0.51867232817865,5.71892887109942e-38,-0.550886153405469,1.49560810994693e-43,-0.565144794092529,3.19154906804514e-46,0.596182051856157,1.65493576420995e-52,1.53237407108083,0.581102319321938,0.762300675141993,0.444345181575889,0.666592215358002,"enzyme"
"19","1AST",-0.523702963340308,1.75972942462392e-15,-0.540614733037586,1.42004304712897e-16,0.594769933076973,1.601029394952e-20,-0.608702763748302,1.1596190974539e-21,-0.605269059397388,2.2412140114376e-21,0.665796081918127,5.55566168921351e-27,1.43442440713,0.690852219800096,0.831175204033479,0.997178923968279,0.998588465769698,"enzyme"
"20","1B04",-0.410410591224151,5.02686713963395e-14,-0.374131578650697,9.79076900498841e-12,0.434737002903083,1.00643917330392e-15,-0.416980235545221,1.80312222487058e-14,-0.457058702982092,2.08735055011769e-17,0.472879874196441,1.12117198933363e-18,1.10183257529032,0.605486385734242,0.778130057081875,0.93232330687901,0.96556890322701,"enzyme"
"21","1B2R",-0.438994006887901,2.50665071907552e-15,-0.409762237964938,2.25898996400054e-13,0.419018063950604,5.69246208886033e-14,-0.591939618827562,2.79605024938696e-29,-0.647583580479878,1.84799432113786e-36,0.5296739945871,9.78630601010654e-23,1.42347217204746,0.364884789462528,0.60405694223519,0.54548099022589,0.738566848853839,"enzyme"
"22","1BF2",-0.407316547092562,2.4339240731566e-31,-0.323493742789587,9.90387326759388e-20,0.363320128929428,8.07086878091342e-25,-0.447966355009142,2.69218447776838e-38,-0.550945783592157,9.23196910302052e-61,0.446529319938508,4.92577889120213e-38,1.00234104395067,0.571044381000942,0.755674785209181,0.548079206153915,0.7403237171359,"enzyme"
"23","1BG0",-0.59062995290962,7.5136653026603e-35,-0.546153577266138,4.54554930045471e-29,0.562800336523259,3.93940909943696e-31,-0.618770496766351,5.36368396795407e-39,-0.704930041838439,9.25859603105456e-55,0.629388861076876,1.13063061340928e-40,1.14564234965449,0.440431043103167,0.663649789499829,0.647182396154524,0.804476473338111,"enzyme"
"24","1BH2",-0.507290639326445,5.28402843274394e-22,-0.439896011370813,2.44213771025107e-16,0.523002551379887,1.62982375295631e-23,-0.461057589158988,5.51972155461787e-18,-0.558609137274278,3.03355255884383e-27,0.508337116156626,4.2145622864075e-22,1.11245256236508,0.623185115639528,0.789420746902137,0.657897067596779,0.811108542426215,"enzyme"
"25","1BOL",-0.382939341886311,3.6373766940355e-09,-0.384882222717512,2.98623738047547e-09,0.459923443918104,5.09252663873195e-13,-0.513412816489034,2.49719113654373e-16,-0.488423962074853,1.03622778990815e-14,0.555530939776518,2.24114239998163e-19,1.44764053437838,0.519219759825865,0.720569052781109,0.418885025008112,0.647213276291604,"enzyme"
"26","1BP2",-0.537950354056645,1.39411782852033e-10,-0.575391371341563,3.37400073355922e-12,0.570349210433059,5.72445352794128e-12,-0.643542091817257,9.94149531999571e-16,-0.605303719194071,1.2075170896455e-13,0.67690310356625,8.36389034459613e-18,1.27728749141463,0.64846125709807,0.805270921552536,0.9562899396823,0.977900782125825,"enzyme"
"27","1BQC",-0.499419349485265,1.86166739561632e-20,-0.500730719207298,1.42843104571198e-20,0.494541445965167,4.93750426572008e-20,-0.616340493408099,5.52971213309804e-33,-0.635045570862625,1.67257305800793e-35,0.629057156773436,1.11855167159088e-34,1.66588922435099,0.333827364480956,0.577777954305074,0.3856129232576,0.620977393515739,"enzyme"
"28","1BS4",-0.515039651077537,9.14766937911661e-13,-0.517066346006731,7.19293564621251e-13,0.501852603241598,4.20780514643987e-12,-0.579464827600978,1.8843059110783e-16,-0.57185285864268,5.66486290173654e-16,0.608316572203672,2.21444762446358e-18,1.05059298264286,0.510497531516215,0.714491099675997,0.680128747140589,0.824699185849355,"enzyme"
"29","1BS9",-0.401225506453981,2.08152062001341e-09,-0.399272411803464,2.53080860819961e-09,0.456000162260193,5.03305002688263e-12,-0.587620010248085,1.30939401884447e-20,-0.588353677183041,1.14246201629432e-20,0.633681414359871,1.21839341990603e-24,1.71766241284058,0.448413393651258,0.669636762469966,0.573076667608194,0.757018274289461,"enzyme"
"30","1BT1",-0.437022084230651,4.19157015418571e-17,-0.414271593431431,2.29449249908147e-15,0.518315987898221,1.70008584854119e-24,-0.519720596806687,1.21502195811542e-24,-0.581381640858941,9.02741682338384e-32,0.597483666051739,6.82098160535084e-34,1.57997721311012,0.450802425912751,0.671418219824835,0.405245360099072,0.636588846979801,"enzyme"
"31","1BU7",-0.290347558127297,2.74055734533114e-10,-0.33693254621614,1.53310396160557e-13,0.358437562305705,3.06261573476832e-15,-0.467034153978905,4.97812744751063e-26,-0.461458874493202,2.24542479203033e-25,0.488429265610548,1.18013337472618e-28,1.70126289853187,0.365997191684894,0.604977017484875,0.344631592642947,0.58705331328845,"enzyme"
"32","1BVV",-0.347209205137311,1.28513499041451e-06,-0.351142536870146,9.55241694046134e-07,0.427158599462575,1.33026029782706e-09,-0.431928077088362,8.31199991653323e-10,-0.432335438860941,7.98205245871877e-10,0.507225602171273,1.73381101985836e-13,1.11975279563243,0.384886712618466,0.620392386009424,0.529646885009918,0.727768428148623,"enzyme"
"33","1BVZ",-0.445217860418925,7.93701583931388e-30,-0.441636627816452,2.53275546055641e-29,0.466789332162942,5.42474445476924e-33,-0.509522738734748,5.7125180198432e-40,-0.527750863148048,2.92954330273159e-43,0.519222737588448,1.07370035986874e-41,1.57627809201538,0.529249034790855,0.72749504107647,0.680927539039003,0.825183336622234,"enzyme"
"34","1BWL",-0.451515703378202,1.94605468494655e-21,-0.447007777202614,5.3813850487259e-21,0.497537784455301,2.41944019100587e-26,-0.59511068981257,1.36756273757779e-39,-0.593463674705452,2.50057730103378e-39,0.608350193640359,9.39881021657466e-42,1.2557635752782,0.474985750521051,0.689192099868426,0.88476257172334,0.940618185941214,"enzyme"
"35","1BWZ",-0.544509350380672,1.49035176499672e-22,-0.487958420024172,8.48789873885276e-18,0.50161207458232,7.24987607868939e-19,-0.566434069018724,1.18949468617683e-24,-0.619073058233057,2.21159941430278e-30,0.581035598959013,3.88284550265245e-26,1.13977003059124,0.595485540117935,0.771677095758281,0.75046946173088,0.8662964052395,"enzyme"
"36","1BYA",-0.422633332893552,1.07969033027134e-22,-0.422423908201052,1.13863903452315e-22,0.520421528236525,1.9895315144047e-35,-0.518978325913992,3.29733746825832e-35,-0.537314861190057,4.47208492737779e-38,0.583474994841825,3.94937794125959e-46,1.33742403541141,0.457685882043869,0.676524856929787,0.474976704408453,0.689185536998894,"enzyme"
"37","1BZC",-0.597816030840828,3.63373421336525e-30,-0.609210962489383,1.46677855887599e-31,0.57338321909181,2.3386539518644e-27,-0.666814771939276,1.4634479002066e-39,-0.662324231519248,7.12926272478569e-39,0.623979849119919,1.87719878416499e-33,1.52096558027946,0.691081463457701,0.831313095925778,0.604306883800234,0.77737177965259,"enzyme"
"38","1C82",-0.411936068742954,0,-0.441228081839874,1.30669655102097e-35,0.471043952342083,5.47761555683152e-41,-0.643005827635731,3.98652113104278e-85,-0.652529293925442,1.9242793026591e-88,0.61584167671361,2.76358165757164e-76,2.01919151338943,0.270369201525862,0.519970385239258,0.292800873790083,0.541110777743415,"enzyme"
"39","1CA2",-0.547156572034764,2.15455105756896e-21,-0.544987079875685,3.32087115124902e-21,0.622608193257211,7.11245508398584e-29,-0.614294934489301,5.97334729580508e-28,-0.627703553895194,1.86949122261188e-29,0.68646910156449,5.18144494007112e-37,1.56895776706641,0.648278600509243,0.805157500436556,0.574284592250368,0.757815671684327,"enzyme"
"40","1CB8",-0.500297480561765,0,-0.512914462374675,1.69531749550932e-46,0.504045814847798,1.02762364731181e-44,-0.660911871423727,7.7375973683856e-86,-0.675400230461772,5.95120929460779e-91,0.632244260072961,1.62194309775266e-76,2.00492512708902,0.295688615208835,0.543772576734829,0.288015307753934,0.536670576568097,"enzyme"
"41","1CBX",-0.486600612591633,1.18001339487585e-19,-0.47508961759906,1.08574485445238e-18,0.512583480846662,5.72499124623009e-22,-0.54865709756797,1.57523468732523e-25,-0.566595449645573,1.82135076058825e-27,0.608194474710443,1.91825059124321e-32,1.40054154030293,0.497162565271066,0.705097557272089,0.501213616490935,0.707964417531655,"enzyme"
"42","1CDG",-0.247912964001215,4.56554226465249e-11,-0.275230329219295,2.17202485371716e-13,0.391035979338291,1.74042921411799e-26,-0.438917629629995,1.13409838112171e-33,-0.48083219087534,5.60314213251904e-41,0.506947515849057,4.53415048853185e-46,1.53646918605539,0.389115842344918,0.623791505508786,0.690328952982667,0.830860369125082,"enzyme"
"43","1CEL",-0.510427964620295,4.21934476620345e-30,-0.477866745505322,4.36617221565739e-26,0.571750663505446,5.97746672158784e-39,-0.562924634309086,1.46352149527497e-37,-0.602933806885431,3.28630624528607e-44,0.642289807671783,9.78884406827958e-52,1.18322610154273,0.467394161233091,0.683662315206192,0.77950640033526,0.882896596626842,"enzyme"
"44","1CHD",-0.388608674477164,1.53566383064817e-08,-0.362853682396237,1.49127624075453e-07,0.447379861337173,3.90050208886464e-11,-0.392334227160874,1.08715040934926e-08,-0.423537841788895,5.0646740559142e-10,0.458541280405188,1.09505369879434e-11,1.16091280964141,0.544639728225683,0.737997105838283,0.784737647482592,0.885854190870367,"enzyme"
"45","1CHK",-0.325154706717523,2.89883063563198e-07,-0.334303589749291,1.27075708061786e-07,0.419317212542433,1.4944575093337e-11,-0.467281695875542,2.59688172719382e-14,-0.472277485070176,1.26278821303558e-14,0.538676592663186,2.60240736179192e-19,1.27436750289496,0.328971823116856,0.573560653389732,0.504075170537787,0.709982514247912,"enzyme"
"46","1CM0",-0.303283697522161,9.4188889440615e-05,-0.284144568299027,0.000247929369363563,0.378403746476978,6.87451819463528e-07,-0.426198692552985,1.56160450931638e-08,-0.455281454840028,1.15010990416101e-09,0.454520818715011,1.23521846309501e-09,1.58653299641358,0.31846336736027,0.564325586306585,0.38331619826087,0.619125349392891,"enzyme"
"47","1CNS",-0.488328594911149,5.75278250006424e-16,-0.485200439301575,9.36345401451017e-16,0.579400092976162,3.45600994436245e-23,-0.549867102586451,1.3311761460425e-20,-0.560882447211811,1.54843498040893e-21,0.63488698582051,7.99724240290253e-29,1.07577403447737,0.389329152580057,0.623962460874095,0.467778624772149,0.68394343682219,"enzyme"
"48","1COY",-0.459175856967065,1.69766316377739e-27,-0.438532539545727,5.8150176614368e-25,0.366344055028262,2.3337224333211e-17,-0.593333933507755,5.73065961781563e-49,-0.622310107100898,4.79710337889997e-55,0.498445907170926,8.02052777749138e-33,1.48300923874251,0.391356737897086,0.625585116428681,0.455391642131915,0.674827120181098,"enzyme"
"49","1CQQ",-0.296546189697213,5.71581648385628e-05,-0.290600490562045,7.57704915850239e-05,0.359771562860704,7.03763220759446e-07,-0.362685944846507,5.63094660119539e-07,-0.364301554729903,4.97141858537812e-07,0.359150466050801,7.3780553295867e-07,1.43477184072778,0.380516027365324,0.616859811760601,0.454460106703324,0.674136563838013,"enzyme"
"50","1CVR",-0.363934106458167,5.63779642238042e-15,-0.366782943787464,3.33821041857585e-15,0.370126604552797,1.79261511687538e-15,-0.413333601037617,2.95543363819901e-19,-0.424957389430162,2.26500607826616e-20,0.400852943517343,4.17783615813578e-18,1.95520497431944,0.316615549118586,0.562686012904698,0.28733604096669,0.536037350346681,"enzyme"
"51","1CWY",-0.574147588027949,3.4847399577047e-45,-0.530464901104006,1.23773527565327e-37,0.542638874752215,1.25572858311692e-39,-0.58369373268999,5.46021831926895e-47,-0.632192769611379,3.71962423553774e-57,0.577472193006876,8.32323494102706e-46,1.307149006662,0.660618653962905,0.812784506473214,0.737973306045651,0.859053727100728,"enzyme"
"52","1CZ1",-0.562062692243739,0,-0.541521596986544,2.11549590366844e-31,0.56928792176125,3.20476750309408e-35,-0.67119771906626,6.44934860564715e-53,-0.696905447876255,1.45511853624363e-58,0.69436861198513,5.57957160717934e-58,1.69448285081726,0.4857444420277,0.696953687146929,0.382204945419481,0.618227260333512,"enzyme"
"53","1CZF",-0.341165799250636,1.41300359288935e-10,-0.365502810523698,5.01449168702024e-12,0.448860529208569,5.17908707424499e-18,-0.463824602849729,2.8376016215652e-19,-0.434923365276704,6.83033490802541e-17,0.508143284807166,2.15069564114744e-23,1.44065234531045,0.459992165666961,0.678227222740993,0.514646065420749,0.717388364430835,"enzyme"
"54","1D1Q",-0.529614821171487,7.07773627589902e-13,-0.534127303485881,4.15105236475879e-13,0.509754863245228,6.76196667292234e-12,-0.661051468375993,2.4841874808189e-21,-0.651030910527097,1.54389985376327e-20,0.61840876503851,3.7723898140185e-18,1.35987071808176,0.584083421130765,0.764253505802077,0.925202207650522,0.961874320090999,"enzyme"
"55","1D4C",-0.415629073800845,3.24718135259788e-25,-0.467473613126308,2.74777571238829e-32,0.442739598015606,9.23119549939773e-29,-0.680455831243958,9.97624826818382e-79,-0.681630389776731,4.26779583890045e-79,0.617768407150473,2.78942904448575e-61,1.48537397939298,0.463265798194959,0.680636318598236,0.742164080182601,0.861489454481365,"enzyme"
"56","1D6O",-0.295521641013642,0.00199937395238073,-0.252304377483687,0.00874764641619751,0.43948083139354,2.18073736512975e-06,-0.355107417213248,0.000174587251667338,-0.387881608168586,3.6598065004803e-05,0.530112520386686,4.30290459986109e-09,1.05545741802804,0.553616652325138,0.7440541998572,0.743281518101761,0.862137760512646,"enzyme"
"57","1DDJ",-0.618614741151274,1.77769619733865e-27,-0.606091018539448,3.66638397995851e-26,0.541792460499213,3.0356033326187e-20,-0.630012663562987,1.002807825735e-28,-0.64796598816599,8.42832744544789e-31,0.574441447697971,4.36197265087911e-23,1.49990898925101,0.757081309565523,0.870104194660343,0.865640879463303,0.93039823702719,"enzyme"
"58","1DGK",-0.456678260633009,1.80601480292515e-47,-0.498774332745693,1.17779764265289e-57,0.515909539613216,3.16579676419663e-62,-0.549180267141473,6.97944064530098e-72,-0.507863530897146,4.77591004273361e-60,0.538932719344588,8.58540191288626e-69,0.946601059359688,0.366674339221177,0.605536406189732,0.538193079543141,0.733616438980985,"enzyme"
"59","1DGS",-0.383138948618915,9.39086659468106e-22,-0.351637615596247,2.36851648090286e-18,0.405297568007877,2.22640654564304e-24,-0.389673199444401,1.65646065017649e-22,-0.430917623066449,1.13877686366263e-27,0.427749807197471,3.01206908663496e-27,1.26614632001377,0.572495173450416,0.756634108040614,0.959673821671524,0.979629430790809,"enzyme"
"60","1DNP",-0.533326989906889,7.90568112434444e-36,-0.587836282739215,6.35302793116565e-45,0.545388258495877,1.06550586882385e-37,-0.651897174990229,4.35884344973985e-58,-0.623655263571352,6.61096528218625e-52,0.592359048520881,9.31555955910308e-46,1.43478618350959,0.652280105301469,0.807638598199386,0.842392347598261,0.917819343660974,"enzyme"
"61","1DVE",-0.484457451074629,0,-0.446688176614095,6.83940813315483e-12,0.520812409634655,2.81769705734572e-16,-0.571172167856368,6.29668499846877e-20,-0.61844354431972,5.66652128361183e-24,0.632723947113245,2.46619014962423e-25,1.68784589891122,0.364397237879152,0.603653243078468,0.359120641763161,0.599266753427187,"enzyme"
"62","1E0C",-0.456755880147285,2.54123125426138e-15,-0.493858953066867,5.23464456339219e-18,0.511215985388598,2.21749473944114e-19,-0.589041974655432,1.30420085403328e-26,-0.567093279690634,2.23889025838615e-24,0.597381526955246,1.66294922763597e-27,1.4120324464963,0.421549652004609,0.649268551529033,0.511970982222675,0.715521475724297,"enzyme"
"63","1E1A",-0.328735876012369,2.68980028361826e-09,-0.317722072395175,9.52658274754030e-09,0.335200595630687,1.25020796970591e-09,-0.57951014700829,2.20403166695673e-29,-0.60341111942446,2.49826393291674e-32,0.551874864488376,2.88819332088781e-26,1.56197733032051,0.448586726387952,0.669766172920036,0.331071898476403,0.57538847614147,"enzyme"
"64","1E6E",-0.644526318369013,5.24942379215224e-55,-0.582693079028972,6.63472001554369e-43,0.547106159820083,4.86897589030808e-37,-0.65164935821404,1.38833732879153e-56,-0.745465589610398,3.48064592096517e-82,0.58254813381361,7.03382980485241e-43,1.40420287559737,0.529718567971984,0.727817674951622,0.564954082143858,0.751634274194477,"enzyme"
"65","1EB6",-0.372476671110265,4.05468002474711e-07,-0.386435971256712,1.08065768056343e-07,0.477248134025099,1.86697907116519e-11,-0.527436310942953,4.60820976491878e-14,-0.517184310493957,1.70372750733593e-13,0.624024411468118,1.71454924838125e-20,1.82429601786441,0.374494556834804,0.611959603923988,0.393559844695686,0.627343482229381,"enzyme"
"66","1EH5",-0.537502348351733,0,-0.485385462937533,6.74990846516457e-18,0.552540632139922,1.05510874617991e-23,-0.652243469843383,3.41746492034114e-35,-0.676948141650123,9.50837782807281e-39,0.718517431861805,1.38127031215811e-45,1.70706310815412,0.3794567278234,0.616000590765463,0.314484193837134,0.560788903097355,"enzyme"
"67","1EUG",-0.604777067742555,7.83534602688014e-24,-0.574526237709843,3.67863493248783e-21,0.58891493250141,2.13693921621553e-22,-0.601919795425739,1.44076686620851e-23,-0.646557539207314,5.01082943405346e-28,0.632150332705902,1.65436157458693e-26,0.969501259671111,0.626222167698182,0.791342004254913,0.884743326250771,0.940607955659939,"enzyme"
"68","1EUU",-0.061414574365066,0.132611705336972,-0.141474406711426,0.00050408111810231,0.232598433904336,7.9428526023721e-09,-0.375037773880502,1.65233084466279e-21,-0.454297031066139,6.10935364344283e-32,0.349178801900071,1.12858533412889e-18,1.78971532221797,0.229041936068655,0.478583259285837,0.216887532274154,0.465711855415078,"enzyme"
"69","1EX1",-0.430308025283428,1.57285352080071e-28,-0.428239344322396,3.03682356658777e-28,0.494986206494219,1.57769402909589e-38,-0.563406585854183,1.01171696990916e-51,-0.580525023980389,1.58374378836717e-55,0.607780770939413,4.51260302551356e-62,1.41235009156977,0.498178075253421,0.705817310111775,0.484715505072359,0.696215128442609,"enzyme"
"70","1EXN",-0.306729267445926,3.18358172599721e-07,-0.269941643650881,7.69453520514841e-06,0.265357430325394,1.10940408905955e-05,-0.337179448127009,1.60425797204762e-08,-0.365223462122787,7.57032067475684e-10,0.288232059061291,1.67040255081211e-06,1.08696672904494,0.514723754343249,0.717442509434205,0.591716619873389,0.769231187532973,"enzyme"
"71","1EXP",-0.49327588760046,1.54843904172902e-20,-0.471211450329212,1.19206957163197e-18,0.508043436565342,7.06137469541401e-22,-0.561540117057148,2.53176144966779e-27,-0.580032294654634,1.91179503390468e-29,0.608549946874951,5.38849877797553e-33,1.36139087489423,0.513447909519247,0.716552796044539,0.545543314969144,0.738609040676557,"enzyme"
"72","1EYP",-0.246458092199805,0.000302808251277312,-0.264355894039903,9.78521414819809e-05,0.362481318939685,5.55729249099324e-08,-0.404505936493013,9.45334112755616e-10,-0.433254144804285,4.1193430656046e-11,0.457165500761328,2.4061148917655e-12,1.82986024029717,0.229669651545341,0.479238616500529,0.219169710009836,0.468155647204897,"enzyme"
"73","1FF3",-0.456877155061393,3.16558851159751e-12,-0.434620115851474,4.36357193122425e-11,0.506291796026063,4.52523668100702e-15,-0.450831759186845,6.57878376986091e-12,-0.482061372626509,1.28152487168937e-13,0.529977220842457,1.32004214805871e-16,0.987454977566667,0.59905750718463,0.773988053644648,0.872809371052033,0.934242672463656,"enzyme"
"74","1FGH",-0.629047687071965,3.34577581788602e-84,-0.576105252255696,8.5302424276706e-68,0.530706568023554,6.19424856153518e-56,-0.678697360132464,9.01743333372172e-103,-0.746179457991124,7.84960701324362e-135,0.613199871371009,5.80169184414327e-79,1.0822401393745,0.469436090162481,0.685154063085436,0.81640842671861,0.903553222958454,"enzyme"
"75","1FHL",-0.462816037952333,0,-0.431437007490226,1.41923031102934e-16,0.45668249160153,1.30051401451804e-18,-0.529217331884893,1.67577445637488e-25,-0.57633167501042,5.93761994850308e-31,0.561927115139892,3.41173369768243e-29,1.72165478243713,0.372069915036578,0.609975339695449,0.375790968643143,0.613017918696625,"enzyme"
"76","1FOA",-0.563420490900481,0,-0.529108140828826,4.57324710982038e-26,0.582412253031813,1.903997193177e-32,-0.639079644355322,1.17611448389446e-40,-0.684024192473458,1.65861024969283e-48,0.645745508596184,9.7572964478297e-42,1.82151154162573,0.313810169895907,0.560187620262986,0.361438477317916,0.601197536021162,"enzyme"
"77","1G24",-0.427853563248924,1.35401206389375e-10,-0.366969303063021,4.2897961158854e-08,0.352311390388128,1.57031146854955e-07,-0.578843037014692,3.50945012793293e-20,-0.615187007100105,2.95930846671708e-23,0.533643930688805,7.44855760408822e-17,2.22376741657619,0.233433763532275,0.4831498354882,0.227718666594668,0.477198770529293,"enzyme"
"78","1G6T",-0.577202120779915,2.68183525662282e-39,-0.528843317403542,3.8579162510026e-32,0.545064352623556,2.06149944507767e-34,-0.620960954338216,6.91555423890637e-47,-0.700806128023502,2.48278861662948e-64,0.626666286233037,5.76071101460873e-48,1.25123802922014,0.445886955883926,0.667747673813939,0.67114307802083,0.819233225657279,"enzyme"
"79","1G8O",-0.408962318509374,5.35231604064334e-13,-0.463141753436247,1.15174478385499e-16,0.563767680758732,1.77493297032399e-25,-0.585754103401592,7.87905358081201e-28,-0.553738026289134,1.84233591019625e-24,0.648466299580385,1.24277135093772e-35,1.35132374898606,0.434772255631625,0.659372622749554,0.408896188482678,0.639449910847346,"enzyme"
"80","1GA8",-0.490047519812622,8.90537431999095e-18,-0.478805225511653,6.17736898006592e-17,0.451257004467279,5.32010522792308e-15,-0.616786321083118,8.52209694472314e-30,-0.633345940020321,8.59354636336328e-32,0.572677866563933,5.13067814945464e-25,1.86939162831365,0.462186420757971,0.679842938301172,0.497482715466333,0.705324546195816,"enzyme"
"81","1GAL",-0.469821838585476,3.08411460487173e-33,-0.424740049781626,7.51781765845329e-27,0.406264618828355,1.69225467491706e-24,-0.526260840191611,1.0627513221036e-42,-0.601591827143412,1.78890474070159e-58,0.49351363382756,5.37959882015314e-37,1.29122663563339,0.512335337351848,0.715776038542677,0.605907092497352,0.778400342046014,"enzyme"
"82","1GCU",-0.368412224609143,1.11034132279988e-10,-0.41321361669329,1.80709851966665e-13,0.392547266951531,3.39166501708151e-12,-0.520945341365206,1.02796050242755e-21,-0.527980408040173,2.31880629155039e-22,0.532317538149956,9.09894764581167e-23,1.83230821642466,0.358626174492902,0.598854051078309,0.383428460246265,0.619216004513986,"enzyme"
"83","1GOG",-0.269881617733533,3.97757960815824e-12,-0.344102565387649,3.35782299753091e-19,0.444780456793647,2.27904873050019e-32,-0.584625998586834,7.60538810199925e-60,-0.601811760722092,3.28073172336928e-64,0.64724013211836,3.95266594850723e-77,1.79628035913615,0.3492236290268,0.590951460804354,0.310871510287871,0.557558526334116,"enzyme"
"84","1GP5",-0.418056317246949,4.5412508927408e-16,-0.436105062065761,1.70091325870092e-17,0.481939886307188,1.59420980138223e-21,-0.553403521754125,3.74828375183773e-29,-0.559327048507188,7.1810004344797e-30,0.58745724812685,1.75158219915781e-33,1.50177338462428,0.483493729297987,0.695337133553205,0.733189918888076,0.856265098487657,"enzyme"
"85","1GQ8",-0.447844664876598,4.31612603830163e-17,-0.467280613032285,1.183754177887e-18,0.574628042222578,2.45040949144934e-29,-0.503002236047085,8.50866793598265e-22,-0.501518654065013,1.1691646152475e-21,0.609602576621739,9.63987713853781e-34,1.1802398843239,0.5233468932166,0.723427185842916,0.595188043561094,0.771484311934529,"enzyme"
"86","1H19",-0.594821048218326,1.21120757623612e-59,-0.559133714639215,1.84747564536169e-51,0.571121677168171,4.25572097265361e-54,-0.684398523720666,1.78318039815499e-85,-0.747077234428938,6.41343070336845e-110,0.667573335767648,6.22000739961072e-80,1.65784126884754,0.416411392399353,0.645299459475485,0.5871664886154,0.766267896114277,"enzyme"
"87","1H3I",-0.195074253206748,0.000787448523222731,-0.200983010886858,0.000538271255755787,0.269980365142236,2.74644995474612e-06,-0.275109447287865,1.73933211659679e-06,-0.220030153371041,0.000146549905366074,0.382345994101085,1.23615335205995e-11,1.43023697073038,0.594668027281562,0.771147215051421,0.409008664014017,0.639537851900899,"enzyme"
"88","1HKA",-0.434335058813679,1.18606926637384e-08,-0.418026543319479,4.62557565150125e-08,0.497047684934911,3.0742745381237e-11,-0.449788570348058,3.05145398310315e-09,-0.471382955600579,4.07173460995873e-10,0.516490138366135,3.74514172005708e-12,1.31795934557595,0.573333803736045,0.757188090064843,1.0550849879117,1.02717329984365,"enzyme"
"89","1HPM",-0.547193385264421,6.59557398631087e-31,-0.470129338489419,3.50476675255577e-22,0.324938093978034,9.60244713528943e-11,-0.474994493212247,1.14001640154691e-22,-0.562367310680421,6.62906915092521e-33,0.314794417141886,3.85256672402447e-10,0.432003084989418,0.283380095355195,0.532334570881128,0.998358095302848,0.999178710393115,"enzyme"
"90","1HQC",-0.307088996897739,2.78060173496511e-08,-0.270423515045892,1.15197335826466e-06,0.320547062572286,6.19088542054902e-09,-0.237817592363031,2.05724139677541e-05,-0.290667698694851,1.57344088894235e-07,0.276983263527441,6.14891405548894e-07,0.75174276343949,0.542446560251871,0.736509714974535,0.942991511680373,0.971077500347101,"enzyme"
"91","1I1E",-0.260218663544688,2.30647326738817e-21,-0.331569058643945,2.12150385924853e-34,0.428577859710496,1.21497132445176e-58,-0.360793003756214,7.48168653995584e-41,-0.331871171493384,1.83404794088546e-34,0.440169342962967,4.06930057868873e-62,1.20189129931935,0.263593749222836,0.513413818690962,0.284524762377405,0.533408626080798,"enzyme"
"92","1I1I",-0.386448105386901,4.11188229024205e-25,-0.318286548418664,4.02589187223954e-17,0.412080921507309,1.20260292221494e-28,-0.448640034662088,3.02514227600921e-34,-0.53636133327002,8.33805587156041e-51,0.503496830370641,4.95172181009226e-44,1.29220186014887,0.439175508555294,0.662703182846811,0.682879223933344,0.826365066985133,"enzyme"
"93","1I9A",-0.495363119176974,3.18646131009204e-12,-0.460974836530786,1.36656810193488e-10,0.541920244524236,9.57934298124969e-15,-0.484524445446593,1.0902621237277e-11,-0.535457463474125,2.26395043088384e-14,0.590410623883345,8.04130836185737e-18,1.42255516104571,0.57362477260363,0.757380203466944,0.847992558020276,0.920865113912062,"enzyme"
"94","1IDJ",-0.50253380809871,2.27014240446811e-24,-0.476289318066137,9.96162830919311e-22,0.548100052701696,1.54114590445989e-29,-0.537120920775773,3.20359528100432e-28,-0.58859989213275,7.59482237109926e-35,0.602063574932968,8.82340506307464e-37,1.54209316287187,0.401130974403369,0.633349014685718,0.352433106864766,0.593660767496695,"enzyme"
"95","1IG8",-0.558711312833601,7.43712300537729e-40,-0.509699458875254,2.24404166003289e-32,0.571874212089724,4.39882193470377e-42,-0.622181759146851,1.33498534608705e-51,-0.688613277828783,3.48277610273633e-67,0.614262785103486,5.47316353238355e-50,1.4004230931855,0.572334125410917,0.756527676566375,0.620705358789536,0.787848563360711,"enzyme"
"96","1IM5",-0.510563061645971,2.84846376240768e-13,-0.498544661654277,1.23000369945118e-12,0.598741233468541,8.576325677041e-19,-0.514823409150233,1.67250346302669e-13,-0.558659048384941,4.42580982373112e-16,0.610557844229325,1.14611606670807e-19,1.4457489011229,0.467786533084192,0.683949218205703,0.505173277734386,0.710755427509622,"enzyme"
"97","1INP",-0.403211702225468,4.53444971391865e-17,-0.400386379315777,7.82506192707906e-17,0.378387630032793,4.60075364675937e-15,-0.620446998766037,6.30736713490809e-44,-0.626025474023461,6.5068193927054e-45,0.538479075111609,1.87608496698327e-31,1.6792117082575,0.431580456259842,0.656947833743168,0.813207203643333,0.901780019540981,"enzyme"
"98","1IU4",-0.269267041972616,6.60979426516911e-07,-0.288974296431626,8.69147373650629e-08,0.365074793594042,7.13800688598205e-12,-0.191149093963081,0.000470885679857796,-0.169318888239311,0.00199360959199253,0.262801441708786,1.24300368343748e-06,0.227016090903323,0.117365655011553,0.342586711668087,0.680337319573011,0.824825629798815,"enzyme"
"99","1J00",-0.375318850480389,2.85811020455682e-07,-0.376527754939939,2.59887490719772e-07,0.440190121412134,9.76623799347325e-10,-0.420247525123317,6.37500676586301e-09,-0.427554866342595,3.25130870872347e-09,0.493812558249542,3.30358174395933e-12,1.2580134478125,0.532771832347797,0.729912208657861,0.801865537618776,0.89546945096903,"enzyme"
"100","1J09",-0.478882505388502,3.34790480648439e-28,-0.390585873145087,1.66147483209026e-18,0.397673803801549,3.49570860026116e-19,-0.443444007899764,5.7638772575789e-24,-0.561810383239595,2.74533519555154e-40,0.442385770706027,7.58121286199652e-24,1.25359049661325,0.487005777875124,0.697857992628245,0.663289450231461,0.814425840842161,"enzyme"
"101","1JH6",-0.416406613644183,7.72236597348015e-09,-0.403740214338535,1.74136629827053e-08,0.490417621787635,2.4200169322497e-12,-0.558903854643587,2.92075473611765e-16,-0.586903353710588,3.87060652991053e-18,0.563550451511606,1.46579709719194e-16,1.99591342074033,0.308594783161722,0.555513080999648,0.38810952590922,0.622984370517608,"enzyme"
"102","1JMS",-0.490609878833927,3.34526673469997e-23,-0.473776494850874,1.52680359534421e-21,0.482855744212562,1.99615958643072e-22,-0.606869311624401,1.35577588541652e-37,-0.636983223290365,2.28882974962446e-42,0.595660612887286,6.04541681577703e-36,1.72263789839444,0.383964794199158,0.61964892818366,0.51408803791048,0.716999329086492,"enzyme"
"103","1JOA",-0.442950783751782,7.41234689259015e-23,-0.433764642843099,6.9192930103643e-22,0.405462978864799,4.45514726671974e-19,-0.461715153271715,6.22781362134544e-25,-0.500311832085964,1.25715053426169e-29,0.427390506932072,3.13346589078286e-21,1.36946311316143,0.400185050417414,0.632601810317844,0.637487492827229,0.798428138799747,"enzyme"
"104","1JS4",-0.550234028796005,3.54527446473786e-49,-0.523447478902125,7.30686783784959e-44,0.510588142842425,1.78203626775546e-41,-0.591473283261726,2.31108933090012e-58,-0.638978495286584,9.88868661064272e-71,0.59907421506877,3.33448794403674e-60,1.43943977835372,0.528694049715762,0.727113505386719,0.617666044261692,0.785917326607381,"enzyme"
"105","1K30",-0.416853416316273,1.08247408654706e-16,-0.359673489914196,1.58374294999832e-12,0.352380695722443,4.72489597166024e-12,-0.4357768404268,2.94945139310655e-18,-0.517566741953974,2.90608413087559e-26,0.43336655931764,4.72645396725461e-18,1.19220335127824,0.356215969859469,0.596838311320133,0.444986286188302,0.667072924190678,"enzyme"
"106","1KL7",-0.65271690270967,2.16717447109907e-62,-0.579715440226265,1.69252850351956e-46,0.501200554554575,2.38565703581098e-33,-0.639523454081241,3.3819576544644e-59,-0.715660540085707,4.0507676753561e-80,0.527321687973084,2.40332278869514e-37,1.24867849803777,0.569892603648526,0.754912315205233,0.996912272454548,0.99845494262613,"enzyme"
"107","1KNP",-0.543773926143679,4.88920861691859e-42,-0.549313055413072,4.97576627287214e-43,0.539878339382698,2.37782172136969e-41,-0.589577254620057,7.81541572495767e-51,-0.595568913815272,4.32714130202996e-52,0.586771639409455,2.96796518407482e-50,1.03144344244045,0.581289492417186,0.762423433806429,0.597030009362743,0.772677170209359,"enzyme"
"108","1L1D",-0.546090884915174,2.08058393429169e-12,-0.548276199500655,1.63211422065484e-12,0.625781841252055,8.32044190909166e-17,-0.596077000120041,5.0359668996266e-15,-0.606647505771584,1.2281057195725e-15,0.681533259713989,1.01163371157043e-20,0.958214572091549,0.587026166827628,0.766176328809255,0.833627696406931,0.913032144235312,"enzyme"
"109","1L1L",-0.45511563061753,6.01019184640725e-38,-0.414763663913409,3.50262159705121e-31,0.357024125641075,5.59163504015818e-23,-0.580195143035602,9.73700511903161e-66,-0.670905032847779,6.23501607991041e-95,0.463687322355605,1.6632392583096e-39,1.43700386305858,0.372184871882034,0.610069563150002,0.58726184511356,0.766330114972366,"enzyme"
"110","1L6P",-0.265196663712459,0.00328520727913528,-0.335039085711464,0.000172416426922692,0.447468396221823,2.66474151076226e-07,-0.307684140643264,0.000596790066816071,-0.273497065091208,0.00240271058992701,0.441056321800751,4.11997728753734e-07,1.53682164139669,0.546237124369105,0.73907856440916,0.720980149733072,0.84910549976612,"enzyme"
"111","1L7N",-0.506301308805154,7.09664704728028e-15,-0.493033240827669,4.4552258360026e-14,0.50881062093885,4.96870622208344e-15,-0.575725988345495,1.13949933488567e-19,-0.60824632428933,2.47132516047438e-22,0.60177889542989,8.85068502850188e-22,1.13194004297585,0.526101279872049,0.725328394502828,0.661631467849732,0.813407319766507,"enzyme"
"112","1L7Q",-0.224331086409846,6.02750460847357e-08,-0.286837352361847,2.81893922234619e-12,0.339109038648904,7.83883897533176e-17,-0.492309286469719,3.43105344445198e-36,-0.444114279799581,5.35402283544327e-29,0.524518130151467,1.11759942117273e-41,1.7373512271366,0.434056980739477,0.658830008985229,0.370437389064983,0.608635678435781,"enzyme"
"113","1L8T",-0.536937415935439,4.82954353333724e-21,-0.517883955307631,1.89448585605372e-19,0.446041259464829,2.91606934112118e-14,-0.618963342026951,3.31521536255541e-29,-0.649108343648909,7.49460014314344e-33,0.540695224360153,2.27798595893783e-21,1.59274290275285,0.349857604539016,0.591487619937236,0.399641502716666,0.632172051514986,"enzyme"
"114","1L9X",-0.576856268513438,6.04476680326046e-27,-0.554102879227032,1.40802766213841e-24,0.526108373128372,6.65668117317877e-22,-0.594277462800857,6.91947550773309e-29,-0.618726620923988,8.09299518003005e-32,0.568387373066597,4.82967386055558e-26,1.50168744132639,0.427258192469767,0.653649900535269,0.523950877369937,0.723844511873881,"enzyme"
"115","1LBA",-0.553294618482357,4.40908013229272e-13,-0.521076309664259,1.55418376452115e-11,0.531693732516927,5.00762052360753e-12,-0.617058605233068,1.09836852427467e-16,-0.657887050084355,1.85437932953556e-19,0.635705841507423,6.69576544622318e-18,1.51452323676027,0.50142611561398,0.708114479172668,0.743159933280005,0.862067244059305,"enzyme"
"116","1LDM",-0.481440506755081,1.71379697202783e-20,-0.443350980753298,2.83288394691743e-17,0.427915038119548,4.42494541549221e-16,-0.510948103362243,2.81276016215525e-23,-0.559001123057539,1.94976997688528e-28,0.480634898419214,2.02428581711934e-20,1.24702652408207,0.449250711323478,0.670261673768893,0.685315128196516,0.827837621877935,"enzyme"
"117","1LJL",-0.532499175318668,6.99495679785945e-11,-0.587686041764083,1.97584189146126e-13,0.55903910936983,4.75808595537954e-12,-0.654682083352969,2.95709339359722e-17,-0.603043896857499,3.14412321602533e-14,0.622727320858774,2.5687481335548e-15,1.32900972362308,0.52520346647177,0.724709228913066,0.752235487496983,0.867315102772333,"enzyme"
"118","1LVH",-0.594265038682012,2.14887612530987e-22,-0.54970740852945,9.0320822774279e-19,0.47538680842266,8.35342170356919e-14,-0.596353899264871,1.40723439598893e-22,-0.657954393698878,1.14825407373932e-28,0.534490090168869,1.18524687799546e-17,1.71085512788636,0.41575640146881,0.644791750465846,0.839761742196638,0.916385149484995,"enzyme"
"119","1M53",-0.575863784669747,1.99418691713884e-50,-0.552523681975257,9.26349170859733e-46,0.581436942075803,1.34619814997552e-51,-0.631858216746471,2.67558660837113e-63,-0.679262407275985,1.8130089165486e-76,0.655947758915172,1.0788598795477e-69,1.15767752204496,0.595504865831496,0.771689617548076,0.988983520936878,0.994476505975319,"enzyme"
"120","1MBB",-0.603929203390696,3.57999226280609e-35,-0.554405768038277,8.62321867297063e-29,0.497094007957435,1.27431610832892e-22,-0.623705541608051,4.78771510106545e-38,-0.6809076098514,1.2061350838801e-47,0.556898188048212,4.36174267072231e-29,1.28207822951176,0.632852036474703,0.795519978677282,0.768637042778777,0.876719477814185,"enzyme"
"121","1MJ9",-0.528650122028333,4.67363004929598e-21,-0.46461428623879,5.03748579833563e-16,0.440024401848391,2.35079414680716e-14,-0.490426982989548,6.30469959272384e-18,-0.562192966870667,3.77269264033332e-24,0.437500400771608,3.42797078080846e-14,1.26149577316484,0.652370688485146,0.80769467528587,0.418562795115966,0.646964291994517,"enzyme"
"122","1MLA",-0.52527192797524,4.95830087969412e-23,-0.472206648424898,2.4124163627059e-18,0.495382243448942,2.72540049117751e-20,-0.574415261320853,3.57888424169869e-28,-0.638073803628622,2.86017646946711e-36,0.574195388957516,3.79057504986615e-28,1.17501624514426,0.500037792913676,0.707133504307126,0.8176445199347,0.904236982175967,"enzyme"
"123","1MRQ",-0.462009537842565,1.74865604092956e-18,-0.475419214892159,1.28114354060704e-19,0.495151941285284,2.20724785397292e-21,-0.553419677526074,2.58842916470941e-27,-0.550468118080523,5.51979743046215e-27,0.592831147056475,4.89812148413327e-32,1.24306394979257,0.483553564790536,0.69538015846768,0.48304586021327,0.695015007185651,"enzyme"
"124","1MUD",-0.429341708956298,1.65938583346307e-11,-0.421364821557666,4.2552581738939e-11,0.499733811620652,1.28662832198769e-15,-0.473489179470679,5.66431491462141e-14,-0.487784398590082,7.50398934253932e-15,0.5274665241995,1.63046416439977e-17,1.14140336904889,0.652161598565507,0.807565228675372,0.892680200825937,0.94481754896167,"enzyme"
"125","1MUG",-0.462565116341196,5.95485384887285e-10,-0.472182366441762,1.52630333219651e-10,0.428624165963379,9.26932771500315e-09,-0.5554251266722,9.72866804829112e-15,-0.547804808331117,2.63967041075178e-14,0.516488619166122,1.23793409063362e-12,1.60717518102424,0.38446667469053,0.620053767580304,0.398330262480007,0.631134108157694,"enzyme"
"126","1NDH",-0.404836296817258,4.52339203866079e-12,-0.385685627631372,5.2467621608473e-11,0.421081326751359,4.98450691252243e-13,-0.482287266225102,3.90706823579902e-17,-0.523464928125044,2.13147165094177e-20,0.496988715703525,2.99947774281925e-18,1.27156822845556,0.469713712508929,0.685356631622493,0.550290406321549,0.74181561477334,"enzyme"
"127","1NDI",-0.4981712676874,1.0520838069602e-38,-0.538656241217619,3.78585960605331e-46,0.584240866877318,7.75874122517521e-56,-0.637948061611013,2.046969364029e-69,-0.658607084448677,2.16622564182278e-75,0.653644594509444,6.51481649017747e-74,1.61051926592282,0.50024771098165,0.707281917612525,0.454706409797808,0.674319219507948,"enzyme"
"128","1NLU",-0.541243701040598,2.1561082118429e-29,-0.534145910968348,1.55836457545608e-28,0.495723367115137,3.21585065475951e-24,-0.64840653903464,2.84891896872247e-45,-0.656704270507868,8.91540644922164e-47,0.595482636916178,1.10068815182958e-36,1.64020890512772,0.533966589775723,0.730730175766488,0.448299198302801,0.669551490404436,"enzyme"
"129","1O8A",-0.428734888315905,4.56373847980203e-27,-0.422946179861214,2.58899918874146e-26,0.525111387630625,5.37433811353183e-42,-0.558533968411978,2.14698552086445e-48,-0.583046554212951,1.43261913456489e-53,0.620953541882607,1.6951835703997e-62,1.61115931534321,0.396249418438813,0.629483453665633,0.364322980237396,0.603591733075757,"enzyme"
"130","1O98",-0.63026484542984,1.03791566601087e-57,-0.512410358175787,2.01977335764189e-35,0.540778278656181,5.35764003993109e-40,-0.568700453654225,6.00404294571998e-45,-0.696973080516702,3.04225001692083e-75,0.597802172477078,1.22940470709288e-50,1.15170743032613,0.592920277165347,0.770013166877909,0.847316937562674,0.920498200738423,"enzyme"
"131","1OG1",-0.461954827986218,0,-0.450429294216622,1.53552807295995e-12,0.512297150290715,2.5437935958124e-16,-0.615595761397965,1.19310293723436e-24,-0.65273632271685,1.84622016593788e-28,0.653955199114439,1.35560019322425e-28,1.76372413042601,0.437685420987805,0.661577978010004,0.312209752203773,0.55875732854592,"enzyme"
"132","1OGO",-0.0858549956143528,0.0401063024473591,-0.0605071787020135,0.148379229681414,0.107612151605738,0.0100077550089475,-0.350647311328007,5.43407794843382e-18,-0.396348911330318,5.87535624380654e-23,0.344552325323617,2.18311538860674e-17,1.85814412557692,0.249961202408438,0.499961200903068,0.214824990735184,0.463492169011715,"enzyme"
"133","1OJ4",-0.625059302008112,1.98571983128467e-31,-0.606301082279522,3.41051459631804e-29,0.581067995729213,2.06569143662847e-26,-0.666063942118711,6.96190822200824e-37,-0.693393129722445,4.99376038709019e-41,0.63103719341708,3.5757993844014e-32,1.26724866045848,0.565047957328883,0.751696718982385,0.948447921112902,0.973882909344292,"enzyme"
"134","1ONR",-0.722413926133463,3.02078616804103e-52,-0.672063883457158,7.13967105382023e-43,0.681650981879253,1.63825175338804e-44,-0.705449358105063,7.24601102419657e-49,-0.76917483578129,5.03065101725416e-63,0.701614383983223,3.89899531220254e-48,0.931494618113924,0.600185995664539,0.774716719623721,0.828581296559187,0.910264410245279,"enzyme"
"135","1OPM",-0.36419482370447,3.71641197406526e-11,-0.337526249336982,1.06966555975348e-09,0.420697680145425,9.99361086664892e-15,-0.415766306952938,2.18291648200837e-14,-0.466279074570667,3.86825217313955e-18,0.495067221028755,1.42611431150966e-20,1.81154454114194,0.425388798391899,0.652218367107136,0.347850325116342,0.589788373161376,"enzyme"
"136","1OXA",-0.275713325378595,1.83211001107829e-08,-0.306603129223785,3.21637582431819e-10,0.326744451948975,1.76288630111261e-11,-0.432969725146174,7.6324060132253e-20,-0.427647683168376,2.38430767128645e-19,0.442453739852759,9.53148650314977e-21,1.5169007664268,0.528070147579239,0.726684352094662,0.492735908490011,0.701951500098127,"enzyme"
"137","1OYG",-0.454734943740375,7.69548605547917e-24,-0.453082838603313,1.16801420933876e-23,0.445674306586369,7.37922013802209e-23,-0.642750536150348,1.20915824427607e-52,-0.687972459455347,5.80172064753736e-63,0.617666645544743,1.23069945920945e-47,1.63061154062045,0.301103169026919,0.548728684348576,0.307549511086975,0.554571466167323,"enzyme"
"138","1P1X",-0.53671658983801,4.70938270617504e-20,-0.498942359047997,3.84183139473956e-17,0.513417874234912,3.2459450915318e-18,-0.577426777351576,1.25002697331898e-23,-0.613773995732329,2.84631669191291e-27,0.574453040320796,2.3721186514757e-23,1.183572866236,0.419223279578982,0.647474539714869,0.781844471491491,0.884219696394222,"enzyme"
"139","1P3D",-0.563111613926131,6.36003605062981e-39,-0.522945076416083,7.00673673714786e-33,0.527239353442298,1.72834828852153e-33,-0.580840184848462,7.31000178405976e-42,-0.648526441904298,6.1835778422023e-55,0.552718175503974,2.79242580612356e-37,1.18557686759911,0.558411147494736,0.747269126549957,0.770519064148087,0.877792153159327,"enzyme"
"140","1P5D",-0.581084847517825,2.35719769365252e-42,-0.524589694467422,1.82768747873843e-33,0.549107805518148,4.0847896876586e-37,-0.605263669155125,1.02195682534118e-46,-0.68475709873837,4.25389962211408e-64,0.601431984248406,5.31796155060433e-46,1.39815636734141,0.487706883460603,0.698360138797028,0.585817926025554,0.765387435241496,"enzyme"
"141","1PA9",-0.510223593396711,6.7631382353806e-20,-0.519475898005329,1.10350216183769e-20,0.467253719401134,1.54668299371576e-16,-0.600107956724809,1.10434319427395e-28,-0.589304876068032,1.76500697686585e-27,0.519006642640242,1.21139983401781e-20,1.45515843414695,0.674054913157101,0.821008473255362,0.755996853208025,0.869480795192179,"enzyme"
"142","1PII",-0.523005318142903,4.24068643267224e-33,-0.569554507809901,3.15395906033048e-40,0.63139226687096,1.19122858449324e-51,-0.612034852728339,8.40104090200163e-48,-0.594530746427754,1.5209460888882e-44,0.659469330307307,9.61362961530825e-58,1.36635383031195,0.552626033533437,0.743388211860692,0.589723376808592,0.767934487315547,"enzyme"
"143","1PKN",-0.461854717864321,1.60429978720134e-28,-0.393440649535906,1.77799890324935e-20,0.398792645044063,4.84238134393279e-21,-0.458213256055465,4.79902126588097e-28,-0.528636007132924,2.41473526036489e-38,0.448985386742478,7.27309997407673e-27,1.20193306516732,0.57433247186193,0.757847261565238,1.0878721424772,1.04301109412949,"enzyme"
"144","1PMI",-0.567393843497979,7.47012816957064e-39,-0.473081591806428,6.39924224036083e-26,0.484694197589541,2.64897378006e-27,-0.568744718930662,4.53717202202626e-39,-0.672796093356154,2.69868128343439e-59,0.577335924048296,1.80281653561651e-40,1.55063284674091,0.608548396723899,0.780095120305145,1.03436707940149,1.01703838639527,"enzyme"
"145","1PP4",-0.41089052083757,6.62698041209463e-11,-0.404446075603028,1.39304012926857e-10,0.461308550373834,1.11301654243309e-13,-0.522567621585327,9.96804247394045e-18,-0.538782960287162,6.07937822258514e-19,0.545102735170948,1.96086039988455e-19,1.58785285093562,0.536482260329513,0.732449493364227,0.515943615347462,0.718292151806952,"enzyme"
"146","1PS9",-0.566012513666705,4.26585300128421e-58,-0.532397052462566,2.19708699712346e-50,0.507308570006693,3.60503929671272e-45,-0.570218638832747,3.99638716123566e-59,-0.627225171772632,1.17157398164575e-74,0.543007426218645,1.00330803950355e-52,0.951796479481371,0.542649966727054,0.736647790146047,0.839559355245969,0.916274716035518,"enzyme"
"147","1PTD",-0.560468265145978,6.97814984349585e-26,-0.566800396578888,1.48276904383844e-26,0.504780037498708,1.5274445664908e-20,-0.624886973207754,1.82883373560707e-33,-0.641816350968269,9.20820899808809e-36,0.550619707825145,7.2740465685636e-25,1.93446252064527,0.447428918131027,0.668901276819702,0.413938152406303,0.643380254908637,"enzyme"
"148","1PUD",-0.447097676525214,1.10827515530381e-19,-0.434885724186615,1.35118786531711e-18,0.41717663391646,4.26210539415427e-17,-0.484491261050997,2.7168363831287e-23,-0.507915028482,8.62181305728445e-26,0.449545660639011,6.63162808391884e-20,0.883789415045699,0.49067930194312,0.700485047622802,0.800369365425507,0.894633648721926,"enzyme"
"149","1PYL",-0.246970349141872,0.0158303105952542,-0.279049007887805,0.00617296133594295,0.454402915960567,3.73578228209266e-06,-0.435426564519544,1.03390700185216e-05,-0.411409614397866,3.44592361494108e-05,0.574660511872246,1.13159448909122e-09,1.33139034110526,0.569016703177026,0.754331958210062,0.613145358933774,0.783035988274979,"enzyme"
"150","1Q91",-0.435878260941025,3.10920919110943e-10,-0.387094582157708,2.46586836322027e-08,0.397434708129673,9.58218236815924e-09,-0.538783640842663,5.33205390106594e-16,-0.593807050444913,7.14825993895416e-20,0.526137345458473,3.31577688947325e-15,2.0226861820567,0.308570808623858,0.55549150184666,0.3553999535989,0.596154303514534,"enzyme"
"151","1QAM",-0.362423303651663,1.05316380332136e-08,-0.360734730667486,1.24589657942549e-08,0.331166971349604,2.02515258921994e-07,-0.413594017292244,3.98679011791666e-11,-0.451080383331577,3.5189265738352e-13,0.371346251963627,4.26306208258226e-09,1.25590446874468,0.553553618904176,0.744011840567189,0.988539773154072,0.994253374726016,"enzyme"
"152","1QAZ",-0.0186288486930858,0.727992948607929,-0.0308680269400729,0.564353784676106,0.10614895017748,0.046897612146641,-0.226871934461594,1.77575192259315e-05,-0.252387265896443,1.67311765322111e-06,0.319862928679811,8.61709358353289e-10,1.94283797255556,0.344448964732334,0.586897746402501,0.243403453793407,0.493359355635835,"enzyme"
"153","1QBA",-0.440478842987423,4.9657783667625e-42,-0.406418835962545,1.84777424339945e-35,0.490795587933647,3.28008253917158e-53,-0.585443925070966,4.5430810106717e-80,-0.626279048100351,1.20177533150966e-94,0.616397653746637,6.37829685030181e-91,1.57620580934732,0.449947568968589,0.670781312328086,0.491748191632833,0.70124759652553,"enzyme"
"154","1QFM",-0.447429381432231,5.30205763246624e-36,-0.458468228947301,6.21319965530511e-38,0.497289887670869,2.58825984109746e-45,-0.555202618223409,2.98283302161288e-58,-0.578361491563763,3.55608665817771e-64,0.565974159715481,5.99413475274307e-61,1.4081042956922,0.433580646354604,0.65846840953428,0.630574261772902,0.79408706183447,"enzyme"
"155","1QGX",-0.5148938647948,2.33262563329932e-25,-0.464845613776351,2.23046268552007e-20,0.490373308966461,8.13491846095033e-23,-0.620440463088222,4.81290463958242e-39,-0.679737826601071,2.54741765257016e-49,0.605348945713237,9.07854641479176e-37,1.5831331229548,0.439654248945987,0.6630642871894,0.705964190445765,0.840216752062088,"enzyme"
"156","1QJE",-0.278811535478554,2.98402550984936e-07,-0.316564547399755,4.80499404083662e-09,0.3196996007771,3.31907414897751e-09,-0.530130668748982,4.29151302405542e-25,-0.533609240857195,1.84362383707684e-25,0.504905523037309,1.48156002419304e-22,1.54449283685933,0.461453649288062,0.679303797492744,0.323843684300947,0.569072652919596,"enzyme"
"157","1QK2",-0.503717935989046,9.4359981219171e-25,-0.447974651806292,2.55827169155529e-19,0.468247827579388,3.51607644120774e-21,-0.571856827130672,6.56950500561285e-33,-0.621299763659276,3.89387908418753e-40,0.607908865657114,4.71601450497095e-38,1.5169555851708,0.446973022166587,0.668560410259676,0.39314510016644,0.627012838916748,"enzyme"
"158","1QWN",-0.496261948466345,3.72992024151744e-64,-0.468778069138623,1.57126095443172e-56,0.500554525078823,2.07438929171738e-65,-0.605036562559106,2.81763858805883e-102,-0.642805179976824,2.7997045014464e-119,0.587925977745882,2.67110522268523e-95,1.75314614354536,0.430481678078331,0.65611102572532,0.429218963448155,0.655148046969656,"enzyme"
"159","1R1J",-0.378278122117126,4.24021877368312e-25,-0.388256170622488,1.84138308836477e-26,0.479998906817011,2.14775465977118e-41,-0.51101997418409,1.4511010368417e-47,-0.544673364891003,5.1041269821424e-55,0.554894504839483,1.87227663233457e-57,1.51796449859483,0.487885031377455,0.698487674463519,0.601801639000911,0.775758750515204,"enzyme"
"160","1R44",-0.562764455446055,2.86372912202798e-18,-0.580672580554253,1.32537809511329e-19,0.654218377288362,4.69684914327215e-26,-0.663983686763486,4.75315399936943e-27,-0.663766225352837,5.00659392083751e-27,0.706467391644564,7.50054732714678e-32,1.57929315981683,0.529874763497332,0.727924971063181,0.601069256879691,0.77528656436165,"enzyme"
"161","1R4Z",-0.467049918665601,4.38333334690207e-11,-0.4728541451525,2.33115020666071e-11,0.521827561055142,6.85687393081533e-14,-0.500991294701908,9.17451164211908e-13,-0.509161402636234,3.38836388681995e-13,0.51993495456661,8.74258950299716e-14,1.77463361636313,0.40493970139881,0.636348726249067,0.277119988095926,0.526421872736996,"enzyme"
"162","1RBN",-0.476274400285397,2.25587528130571e-08,-0.490498250974859,7.3434838398878e-09,0.604412516745497,1.06346140393813e-13,-0.569565495800305,5.08380812451312e-12,-0.554740091984681,2.30558011493125e-11,0.681672485083575,2.92347334131136e-18,1.48005589458871,0.494077371065051,0.702906374323815,0.628245188929419,0.792619195408122,"enzyme"
"163","1RDD",-0.360493529231417,4.07210796598885e-06,-0.353880220631428,6.26758478619013e-06,0.474515102681772,4.44625988191386e-10,-0.418894530645317,5.80986515851395e-08,-0.436450004947151,1.37029513460377e-08,0.50679116506541,1.71478855861936e-11,0.916184382709677,0.546390648412922,0.739182418901398,0.84053694589823,0.916808020197375,"enzyme"
"164","1RU4",-0.318629178932368,8.77397070640992e-11,-0.30399187666141,5.35468540570406e-10,0.388575934876506,7.24210981160837e-16,-0.479765074402434,2.03798804024933e-24,-0.528656199076174,3.5291767607132e-30,0.523876057248432,1.42211990721692e-29,1.9586207264,0.289139239958366,0.537716691165865,0.206033716214536,0.453909370044876,"enzyme"
"165","1S3I",-0.45117391377803,8.42824327287183e-17,-0.383957366207902,3.19283920972283e-12,0.373945435947964,1.2648074753338e-11,-0.470700210321943,2.47627783118805e-18,-0.559096603247985,1.21451117079601e-26,0.441695366169629,4.31250812869677e-16,1.18743101290228,0.530898078644194,0.72862753080308,1.08914674111343,1.04362193399403,"enzyme"
"166","1S95",-0.553078019590113,2.35137120770314e-27,-0.539662098010215,6.96941349015935e-26,0.547546485448681,9.68773676080695e-27,-0.582593636595079,7.73078573683822e-31,-0.600755703950898,3.65092651264132e-33,0.563740353877065,1.42306208709784e-28,1.13323824463272,0.496696763329436,0.704767169588252,0.738798028404947,0.859533610980366,"enzyme"
"167","1SCA",-0.619670314127385,1.87672274599072e-30,-0.595958550838523,9.79653022062138e-28,0.621722343506847,1.06472496485192e-30,-0.666406828736513,1.50767792985916e-36,-0.689432158254389,5.62415315256502e-40,0.693950249978593,1.09507178595308e-40,1.47051456469708,0.547577873923365,0.7399850497972,0.675626890166103,0.821965260924148,"enzyme"
"168","1SLL",-0.134178435538069,0.000460202924722315,-0.175617910163727,4.15291170486292e-06,0.256260581854982,1.21217688227989e-11,-0.370247991319438,1.73569098420515e-23,-0.425345450232783,3.28154437420953e-31,0.397522552285908,3.96005419360601e-27,1.94328926864654,0.265539386300532,0.515305139020108,0.258614080755101,0.508541129855886,"enzyme"
"169","1SML",-0.334572707583534,2.23141892416687e-08,-0.331745767652663,2.97517904912947e-08,0.364933162041325,8.42041476051437e-10,-0.496712676458871,5.59442991641957e-18,-0.497549253236454,4.82736476849822e-18,0.512790994484278,3.0588859167271e-19,1.59251257660902,0.333215678691193,0.57724836828803,0.770227931449075,0.877626305125977,"enzyme"
"170","1SNZ",-0.359022920044309,6.65554328043252e-12,-0.388870612476103,7.27649798742181e-14,0.509222547414298,4.28791218696554e-24,-0.448771213518761,1.88988095994678e-18,-0.435979929346909,2.15605887125772e-17,0.555820554732696,2.78270154606748e-29,1.3153217505,0.525287137436763,0.724766953880186,0.737809504197583,0.858958383274523,"enzyme"
"171","1TAH",-0.499094088396189,1.95877198841467e-21,-0.476488015772476,1.9856582543043e-19,0.515939836878531,4.98096625560021e-23,-0.503313074396502,7.95902086480421e-22,-0.530889696286433,1.60663473093078e-24,0.531874360758873,1.27370477606203e-24,1.68218277402516,0.442607989095803,0.665287899405816,0.415027160841545,0.644226016892787,"enzyme"
"172","1TLP",-0.530418284872934,2.50562434976651e-24,-0.460142361608456,5.7963031022871e-18,0.555133413096991,6.0995462374707e-27,-0.540778444039295,2.13575763150725e-25,-0.607627707382186,2.811470025617e-33,0.632066605022111,1.19106985028823e-36,1.37346063871203,0.482954570229488,0.694949329253211,0.578087948362872,0.760320950890394,"enzyme"
"173","1U3F",-0.462745046231169,4.41785907818066e-10,-0.474795606743586,1.3341664525789e-10,0.447482242050355,1.88559714048884e-09,-0.520745444559382,8.82025816082999e-13,-0.528088932402805,3.68059276327404e-13,0.494810434515282,1.64260723253904e-11,1.60749951214024,0.546161668478926,0.739027515373363,0.663001159524525,0.814248831454197,"enzyme"
"174","1U5U",-0.102370222277059,0.0503589600833609,-0.0843226520451947,0.107280326804681,0.0830679791855224,0.112627996656909,-0.296070320572008,7.70626829032551e-09,-0.342786645955555,1.57545921230199e-11,0.277899504483654,6.47433679822159e-08,0.628148935546448,0.402714526204832,0.634597924834956,0.648062973046031,0.805023585397367,"enzyme"
"175","1UAS",-0.54830676198464,8.46884032491151e-30,-0.501670287788663,1.80309340864603e-24,0.500494810636284,2.398718488373e-24,-0.548065306869963,9.06977700780814e-30,-0.608190008833837,5.39192074131219e-38,0.564329097547499,7.8890769244885e-32,1.35057959292541,0.561189771486236,0.74912600507941,0.565301313992403,0.751865223289655,"enzyme"
"176","1UN1",-0.449813879397438,1.05215786816503e-14,-0.426009017748656,3.3850083433569e-13,0.466930030048191,7.29723723522502e-16,-0.47686259410659,1.44645275883958e-16,-0.511506353803728,3.32819930307677e-19,0.517325536496279,1.11926889872736e-19,1.11475681332959,0.58258329715751,0.763271443955236,0.765177230557633,0.874744094325668,"enzyme"
"177","1VID",-0.433678781891882,3.52790578418032e-11,-0.40699906539256,6.64203656949428e-10,0.433890595482149,3.44305026966456e-11,-0.536412768059934,2.87295885568609e-17,-0.569596647134401,1.02115241054111e-19,0.554353181180279,1.47245102601139e-18,1.4176618218169,0.402133215390688,0.634139744370819,0.523525916450146,0.723550907987922,"enzyme"
"178","1VLB",-0.241316495475121,1.74890493920463e-13,-0.260664404776831,1.4899695945151e-15,0.3292285496178,2.26978204812904e-24,-0.541185892290164,3.83738158036676e-70,-0.555529971931463,1.41714111556854e-74,0.533613888497383,6.90187508729293e-68,1.60160547176736,0.411293482095123,0.641321668193991,0.392512573396584,0.626508238889628,"enzyme"
"179","1VNC",-0.245356739020368,2.41330566182716e-09,-0.212252974551309,2.72257801062395e-07,0.293627497998348,6.43860020171188e-13,-0.481184113709546,1.02593420529942e-34,-0.505693517963866,1.00827379091006e-38,0.525435761194968,3.39268626591422e-42,1.74470615477257,0.417971071180798,0.646506822222935,0.258286847651691,0.50821929090865,"enzyme"
"180","1VQ1",-0.578502670863328,6.82989782479062e-25,-0.531787358606774,1.33230759486541e-20,0.550690519977459,2.94651939803313e-22,-0.551917960325783,2.28122984278315e-22,-0.613101826874979,1.52827117046605e-28,0.557997523836219,6.3223528709084e-23,1.48099691887452,0.591203915749312,0.76889785781293,0.88371668923225,0.940062066691476,"enzyme"
"181","1W0H",-0.528509659501832,2.36705564072348e-15,-0.52409574605074,4.42226806211808e-15,0.540890853882754,3.90291819663065e-16,-0.636082224937517,2.16063728818918e-23,-0.632726116252232,4.30468982801808e-23,0.61806372624542,7.94049512509576e-22,1.63732132420619,0.43649031500963,0.660674136779722,0.732248640349503,0.855715279955607,"enzyme"
"182","1XQW",-0.439543045436548,3.95600494745007e-15,-0.464983464302966,5.80696026175692e-17,0.485863605435058,1.3831957042076e-18,-0.658540107164742,1.96249223992431e-37,-0.653180491933637,1.16914781734904e-36,0.666745683641041,1.18837263943705e-38,1.49733846205172,0.312373771045036,0.55890408036177,0.428287445254915,0.654436738925096,"enzyme"
"183","1Y9M",-0.554793077156962,4.57310369089082e-43,-0.517956998034963,7.90992305478889e-37,0.483236145397642,1.31318765591919e-31,-0.618807094656523,5.82711154318221e-56,-0.666580146731757,1.02677768947114e-67,0.587191756333336,3.10983310728684e-49,1.54501928986074,0.510728025428157,0.714652380831518,0.464386801905363,0.681459317865244,"enzyme"
"184","1YON",-0.453783556128801,3.07832876997089e-16,-0.42698087765171,2.28390674803181e-14,0.477445711245779,4.95188082097005e-18,-0.564243067460007,6.02991134540469e-26,-0.638985872739149,6.56387082170977e-35,0.556974666159833,3.4217638640105e-25,1.67782896188699,0.460162978912101,0.678353137320158,0.495519868805605,0.703931721692953,"enzyme"
"185","1YSC",-0.571852606275309,6.28442562753221e-38,-0.545296672197186,5.54072930541146e-34,0.581173857002023,2.12117773445403e-39,-0.642935892795005,1.79391497526162e-50,-0.674931268919774,2.79423561986525e-57,0.660158209445986,4.93630614154818e-54,1.51057784364133,0.52067194952213,0.721576017840207,0.558920808911623,0.747610064747408,"enzyme"
"186","1ZE1",-0.415779279916909,2.64211107369328e-14,-0.343619237209205,5.80482602246297e-10,0.300585438043532,7.50266488727097e-08,-0.391240417863531,1.04602745492165e-12,-0.475300337759325,9.164507365738e-19,0.341696785788824,7.33321599571047e-10,1.39431674434416,0.613311537565087,0.783142092831874,0.976111839354741,0.987983724235749,"enzyme"
"187","1ZIO",-0.526756951990838,6.84481123478411e-17,-0.521390192952705,1.59123386091793e-16,0.538350164177907,1.05056943669604e-17,-0.644408021034819,7.44125930603199e-27,-0.663157188219301,7.24183028217873e-29,0.630643561739904,1.82582177631297e-25,1.07229716177419,0.540562490968593,0.735229549847252,1.02329616149573,1.01158102072732,"enzyme"
"188","206L",-0.382216583235946,5.1928681688864e-07,-0.385724463302118,3.99894646818912e-07,0.449432495040952,1.98245516708124e-09,-0.452140049664431,1.54275234442778e-09,-0.461415460348509,9.68247141660981e-10,0.528065666297883,5.14898603936974e-13,1.6324355693642,0.412328311116643,0.642127955408144,0.482523702443233,0.694639260654934,"enzyme"
"189","2A0N",-0.482311582370827,4.98923172503683e-16,-0.40569614993307,2.30872858857434e-11,0.320864274124532,2.03500126660649e-07,-0.456747745719788,2.43465355561411e-14,-0.536514222910901,4.1207872505943e-20,0.372481397645655,1.11228622185848e-09,0.831819281179283,0.480235073475504,0.692989951929683,1.1391619315777,1.06731529155058,"enzyme"
"190","2ABK",-0.458935501426,2.18017157904705e-12,-0.407086529249134,7.92439186544731e-10,0.433998282888055,4.2090651783157e-11,-0.477077365228748,2.1646282566079e-13,-0.538827088278024,2.75490152684466e-17,0.501440303295292,7.79360308220193e-15,0.964162817454976,0.44236762682933,0.665107229572292,0.721823073754313,0.84960171477835,"enzyme"
"191","2ACY",-0.29249740238874,0.00347092368495445,-0.376594418334813,0.000132389933679772,0.429694720480043,1.00826117858867e-05,-0.457555503167548,2.17218703304027e-06,-0.377426337262992,0.000127573867186073,0.466702723667408,1.27318808757449e-06,1.61259043622449,0.608539501777594,0.78008941909091,1.22049737245248,1.10476122870622,"enzyme"
"192","2AYH",-0.388178301989768,4.16761522072845e-09,-0.363226836176989,4.48977150760533e-08,0.458011895408481,1.70464102985986e-12,-0.527492589666921,1.00006615974949e-16,-0.558108723656345,6.39679390298899e-19,0.560519651905112,4.2021174658959e-19,1.49894089211682,0.349310484694772,0.591024944223822,0.432284278034156,0.657483291068416,"enzyme"
"193","2CPO",-0.116378240220609,0.0447089510371368,-0.112304813801693,0.0527863437033971,0.150625063554756,0.00921057893284422,-0.378467245135588,1.38972381017683e-11,-0.399450860271798,7.65625661678247e-13,0.375037633295375,2.18923479581657e-11,1.75437506774161,0.444419092342952,0.666647652319389,0.356058412938255,0.596706303752738,"enzyme"
"194","2CPU",-0.503628342916276,3.40561158383884e-33,-0.499263820812089,1.45183120800909e-32,0.567159850611447,1.77797561456388e-43,-0.614820828736822,8.58311891215536e-53,-0.624667104224504,6.38863170645548e-55,0.67608215185653,2.16396552163427e-67,1.19526492856768,0.47591331597698,0.689864708458825,0.537112302995009,0.732879460071715,"enzyme"
"195","2DLN",-0.649159913271808,5.32608244826255e-38,-0.569185023664578,1.13933517951889e-27,0.571416766514405,6.3966151386152e-28,-0.622438431738926,3.24748204243147e-34,-0.720169779626243,3.43735860044679e-50,0.61119960946918,9.92596503880421e-33,1.29902590418627,0.57957013423987,0.761295037577331,0.667675724004753,0.817114266186041,"enzyme"
"196","2EBN",-0.336850399415262,6.78230120981022e-09,-0.301302712683023,2.1576452088694e-07,0.273389047298023,2.80502871116384e-06,-0.404074323615034,1.27965984223996e-12,-0.456775559075413,4.26570361360938e-16,0.391254715426005,7.32528542049285e-12,1.77511030789474,0.303861758665956,0.551236572322588,0.288140308531752,0.536787023438302,"enzyme"
"197","2ENG",-0.448573845377277,1.52835608893545e-11,-0.408541552283937,1.19357471070853e-09,0.49135823239756,7.39994480112583e-14,-0.46162297453268,3.2504140036576e-12,-0.507822895319987,7.74334333213646e-15,0.537815103842132,9.15232198453066e-17,1.17718176399024,0.500861303999527,0.707715553029271,0.497220992139766,0.705138987817129,"enzyme"
"198","2F61",-0.470530039936471,0,-0.445231385644897,1.42744911402387e-25,0.492313269949418,1.05876658810563e-31,-0.591831317128985,2.70990057820971e-48,-0.625903226949753,2.07029249159142e-55,0.624233302621216,4.84697733885138e-55,1.73921435636217,0.402525426959601,0.634448915957464,0.504836048120618,0.710518154673488,"enzyme"
"199","2F9R",-0.236532665826289,5.50794888467224e-05,-0.245606830211728,2.75906231015403e-05,0.274768670609185,2.48698616427643e-06,-0.457381434097393,3.85840490383905e-16,-0.462769228377557,1.56681488659865e-16,0.49783090502529,2.9670820040705e-19,1.4955757874386,0.394729203726663,0.62827478361515,0.375263918931307,0.612587886699784,"enzyme"
"200","2NLR",-0.287873590496814,1.31493013658365e-05,-0.262387042379617,7.59090907088356e-05,0.276702930007842,2.89669266235162e-05,-0.417931497651584,8.50271149781309e-11,-0.435010030350433,1.1541055155899e-11,0.419015174516062,7.51550554140954e-11,1.71754893449099,0.378900831992022,0.615549211673626,0.266134099793934,0.515881866122404,"enzyme"
"201","2NMT",-0.428224738054431,3.00966573942901e-20,-0.420893814057958,1.50796829495128e-19,0.486350870326765,1.92887942354774e-26,-0.465961257616924,3.92713721652299e-24,-0.468705873824348,1.959937814071e-24,0.505814830962434,8.55047127534539e-29,1.26381774189573,0.47025116116638,0.685748613681705,0.574613189683467,0.758032446326321,"enzyme"
"202","2PEC",-0.421334326413013,1.39998225296182e-16,-0.397378691546371,9.15794077825727e-15,0.396872429772487,9.96816092482917e-15,-0.510528765153759,9.28910005951417e-25,-0.542248300205933,2.68986474742725e-28,0.464020711162852,3.39107406315569e-20,1.50116623367614,0.362609058643031,0.602170290402168,0.35878167299908,0.598983867060775,"enzyme"
"203","2PIA",-0.534415218288593,4.18987727776899e-25,-0.570064890808767,4.65195512013139e-29,0.563152839822818,2.96483268395253e-28,-0.635576149051132,1.00307611502332e-37,-0.638988944729242,3.10218553824769e-38,0.609416474462852,5.06426505246146e-34,1.48151382979439,0.507683666132351,0.712519239131373,0.757025517832665,0.870072133695055,"enzyme"
"204","2PTH",-0.388429069259596,2.37886230091251e-08,-0.396714446694047,1.11886806399786e-08,0.389244942975219,2.21060068943602e-08,-0.442813460387892,1.13104672524175e-10,-0.442850209479801,1.12659298238408e-10,0.422632759907102,9.20734819616792e-10,1.28427254999482,0.511649745353662,0.715296963053571,0.747618064451624,0.864649099028979,"enzyme"
"205","2SQC",-0.473665735534657,3.68973632607385e-36,-0.464390458954836,1.20143366339247e-34,0.510364062527659,1.27610878544655e-42,-0.599406950077071,4.95376140328997e-62,-0.654099099508768,2.49173995624269e-77,0.601342708136322,1.59755895631353e-62,1.38001992947191,0.375292343171066,0.612611086392555,0.354642805835301,0.595518938267543,"enzyme"
"206","2THI",-0.105919127233197,0.0440150483189771,-0.148245040274866,0.00470696721062176,0.190488609689536,0.000267194171633885,-0.396797558701442,4.22764905392184e-15,-0.416996047431234,1.16159648146909e-16,0.380170489074832,6.81668231082475e-14,1.69291256588398,0.214103679338456,0.462713387896283,0.265406498776649,0.515176182268405,"enzyme"
"207","2TPS",-0.526352284886982,1.66158128432205e-17,-0.532753960627535,5.71620078154815e-18,0.504911517154044,5.05095680750696e-16,-0.604396710070399,6.75705170781298e-24,-0.602407346429712,1.03464915421963e-23,0.60461834783159,6.44261014537832e-24,1.50223709117699,0.527870294908583,0.726546829122929,0.939793946440254,0.969429701649508,"enzyme"
"208","5EAT",-0.196721985642868,4.84268473069917e-06,-0.284689325623129,2.23364456864927e-11,0.376665615302458,2.23597480171541e-19,-0.325277603817675,1.4131021953679e-14,-0.24907903294182,5.76087929046495e-09,0.395724356907423,2.17330842766894e-21,1.4773821608515,0.441290205779547,0.664296775379459,0.280198807332236,0.529338084150607,"enzyme"
"209","7ATJ",-0.543615014238599,7.49194970250022e-25,-0.557901690407062,2.38303529659872e-26,0.667970575868149,8.9979632442383e-41,-0.582487862902598,4.20999414786167e-29,-0.567274228380739,2.26368422828673e-27,0.698122947421543,7.07989880562034e-46,1.17060265548197,0.622255612136018,0.788831802183468,0.798760593531672,0.893734073162522,"enzyme"
"210","1RD8_AB",-0.238922636854812,5.83152410240017e-08,-0.198915443095719,6.95354062787912e-06,0.297163671443306,1.02915089892097e-11,-0.181094287326843,4.40308354838233e-05,-0.214403455771038,1.21513034219573e-06,0.259863650471146,3.30747303094038e-09,0.0619772038271753,0.0200946331897301,0.141755540243512,1.01294532688942,1.00645185025883,"virus"
"211","2FP7_B",-0.34074923248416,2.40870093028359e-05,-0.3232010232533,6.52829517176647e-05,0.334531679215114,3.45318338425177e-05,-0.277005183049316,0.000682401552416726,-0.279427089742156,0.000609198271706746,0.266615211250111,0.00109760069261688,0.0206845243855102,0.00327830653444991,0.0572564977487264,0.0282298759324667,0.168017486984143,"virus"
"212","2JLY_A",-0.285069244632231,7.02449455469777e-10,-0.305017005944386,3.64212608977345e-11,0.294690491742345,1.7342898719066e-10,-0.350410829669398,1.78390860461759e-14,-0.317381681659975,5.17594380069466e-12,0.306345878489099,2.96601434869443e-11,0.172526132180117,0.0988852721108222,0.314460287017013,0.60707326044304,0.779149061760996,"virus"
"213","2Z83_A",-0.199974746480738,3.2192983341135e-05,-0.197611721283833,4.00401663516938e-05,0.177343361926722,0.000234360201391937,-0.225963400000985,2.4626324570373e-06,-0.203470087775926,2.32052849788498e-05,0.143590510273588,0.0029743754324602,0.0186105918042808,0.00467024841769571,0.0683392158112434,0.776089804897708,0.880959593226447,"virus"
"214","3GOL_A",-0.249701122797672,2.30344954930374e-09,-0.237214016037739,1.45355735909244e-08,0.34865240472905,2.30174213486066e-17,-0.206878408965159,8.43976603749217e-07,-0.201818681866893,1.57175659100211e-06,0.32867295083934,1.69576020440254e-15,0.236993552691399,0.117246905110251,0.342413354164598,0.526262900377016,0.725439797899878,"virus"
"215","3LYF_A",-0.192206176206285,0.00256892971570491,-0.187249641873355,0.00332554145797293,0.183530874157191,0.00401988920693875,-0.0978648067475798,0.127381624770032,-0.0582467794787286,0.364967036078763,0.0167234109305659,0.794937220984707,0.0103145571268615,0.00118457867125582,0.0344177086868929,0.260444389216083,0.510337524797151,"virus"
"216","4AQF_B",-0.281829916503638,4.19114589207693e-10,-0.323123607253609,5.5686063084105e-13,0.342820013324103,1.61714508265315e-14,-0.310694370907781,4.56819726747315e-12,-0.259261230721924,1.01717634361501e-08,0.319644840205209,1.0135606627628e-12,0.108365579462618,0.0283304533685872,0.168316527318583,1.16307903100757,1.07846141841402,"virus"
"217","4GHA_A",0.00252740189099678,0.977958270675997,-0.0113573823683779,0.901189404590332,-0.00445331961453775,0.961172411549759,0.0411036091275794,0.653056222209694,0.0659980889811165,0.470136929892719,-0.0156976737715966,0.863742487110354,0.0140035623128361,0.00579800584612816,0.0761446376715272,0.289027852892562,0.537613107069166,"virus"
"218","4IRY_A",-0.128821066221007,0.00954039453890605,-0.168870826428861,0.000653801265611486,0.15447232242604,0.00184603404255444,-0.115804001433324,0.0198984235841442,-0.0787574876456618,0.113979384402205,0.0835129722119001,0.0936758602825426,0.035854208910378,0.00875982607350476,0.093593942504335,1.31984988042374,1.14884719629015,"virus"
